Name,Base TA,Overall TA,Base GS,Overall GS,Base Ratio,Overall Ratio,Base Time,Overall Time,Max Time,Site Rating,Num Gamers,Base Num Achievements,Overall Num Achievements,Base SSD,Base TAD Rate,Overall SSD Rate,Overall TAD Rate,Developer(s),Publisher(s),is 360?,BCMX Value,PDU,Server Closure,Delisted,Install Size
theHunter: Call of the Wild,9034,28191,1000,3730,9.034,7.5579088471849865,135.0,135.0,150.0,3.21,214501,73,114,4178.549999999999,59.51111111111111,50.291481481481476,181.1925925925926,Expansive Worlds,Avalanche Studios,False,3116.690905394249,1,False,False,50640.0
Zoo Tycoon: Ultimate Animal Collection,11636,11636,1500,1500,7.757333333333333,7.757333333333333,90.0,90.0,100.0,3.34,144601,59,59,2565.052380952381,112.62222222222222,28.50058201058201,112.62222222222222,"Frontier Developments, Asobo Studio",Xbox Game Studios,False,2160.5716852900387,0,False,False,8970.0
Zoo Tycoon: Ultimate Animal Collection,11636,11636,1500,1500,7.757333333333333,7.757333333333333,90.0,90.0,100.0,3.34,144601,59,59,2565.052380952381,112.62222222222222,28.50058201058201,112.62222222222222,"Frontier Developments, Asobo Studio",Xbox Game Studios,False,2160.5716852900387,0,False,False,8970.0
Zombie Army 4: Dead War,3749,4037,1100,1210,3.408181818181818,3.3363636363636364,46.75,61.75,72.0,3.93,148787,59,70,1324.3333333333335,56.663101604278076,24.329284750337383,45.78137651821862,"Rebellion, Flix Interactive, Radical Forge","Rebellion, Fireshine Games",False,438.77569729982383,0,False,False,62380.0
You Suck at Parking,11408,11408,1325,1325,8.609811320754718,8.609811320754718,50.0,50.0,56.0,3.16,87717,25,25,1444.8600000000001,201.66,28.8972,201.66,Happy Volcano,"Happy Volcano, Fireshine Games",False,1414.7460119147097,0,False,False,3830.0
Yakuza: Like a Dragon,2070,2070,1000,1000,2.07,2.07,90.0,90.0,100.0,4.58,82801,62,62,492.70000000000005,11.88888888888889,5.474444444444445,11.88888888888889,Ryu Ga Gotoku Studio,SEGA,False,297.8211375977199,0,False,False,37150.0
Yakuza Kiwami 2,2301,2301,1000,1000,2.301,2.301,70.0,70.0,80.0,4.45,32172,59,59,618.2738095238096,18.585714285714285,8.83248299319728,18.585714285714285,"SEGA, Ryu Ga Gotoku Studio",SEGA,False,279.2318251317353,0,False,False,43630.0
Yakuza Kiwami,3168,3168,1000,1000,3.168,3.168,70.0,70.0,80.0,4.27,60606,55,55,868.4333333333334,30.97142857142857,12.406190476190478,30.97142857142857,Ryu Ga Gotoku Studio,SEGA,False,451.094722696686,0,False,False,22330.0
Yakuza 6: The Song of Life,2036,2036,1000,1000,2.036,2.036,55.0,55.0,60.0,4.4,21263,59,59,512.5595238095239,18.836363636363636,9.31926406926407,18.836363636363636,Ryu Ga Gotoku Studio,SEGA,False,174.30823721671905,0,False,False,35760.0
Yakuza 5 Remastered,2980,2980,1000,1000,2.98,2.98,175.0,175.0,200.0,4.12,18782,57,57,922.5777777777779,11.314285714285715,5.271873015873017,11.314285714285715,Ryu Ga Gotoku Studio,SEGA,False,1028.8555194972712,0,False,False,37530.0
Yakuza 4 Remastered,2758,2758,1000,1000,2.758,2.758,70.0,70.0,80.0,4.12,14296,48,48,745.433333333333,25.114285714285714,10.649047619047614,25.114285714285714,Ryu Ga Gotoku Studio,SEGA,False,366.42186408128,0,False,False,24900.0
Yakuza 3 Remastered,3321,3321,1000,1000,3.321,3.321,90.0,90.0,100.0,3.74,23013,50,50,879.4607843137256,25.788888888888888,9.77178649237473,25.788888888888888,Ryu Ga Gotoku Studio,SEGA,False,605.2061232423215,0,False,False,17870.0
Yakuza 0,4553,4553,1000,1000,4.553,4.553,175.0,175.0,200.0,4.38,144934,55,55,1529.0666666666668,20.302857142857142,8.737523809523811,20.302857142857142,"SEGA, Ryu Ga Gotoku Studio",SEGA,False,1943.0164217216486,0,False,False,26210.0
Wreckfest,3143,3143,1000,1000,3.143,3.143,22.5,22.5,25.0,3.85,178537,20,20,373.6666666666667,95.24444444444444,16.607407407407408,95.24444444444444,Bugbear Entertainment,THQ Nordic,False,139.30175251724222,0,False,False,15070.0
World War Z,4339,4339,1000,1000,4.339,4.339,175.0,175.0,200.0,3.69,249359,35,35,993.7285714285714,19.08,5.6784489795918365,19.08,Saber Interactive,"Mad Dog Games, Saber Interactive",False,1807.6505217436254,0,False,False,29950.0
Wolfenstein: Youngblood,2977,2977,1000,1000,2.977,2.977,55.0,55.0,60.0,3.27,89577,60,60,1104.6222222222223,35.945454545454545,20.084040404040405,35.945454545454545,"MachineGames, Arkane Studios",Bethesda Softworks,False,308.19068090842717,0,False,False,41900.0
Wolfenstein: The Old Blood,2307,2307,1000,1000,2.307,2.307,17.5,17.5,20.0,4.09,148320,50,50,653.5,74.68571428571428,37.34285714285714,74.68571428571428,MachineGames,Bethesda Softworks,False,70.08117705347135,0,False,False,37140.0
Wolfenstein: The New Order,1960,1960,1000,1000,1.96,1.96,22.5,22.5,25.0,4.25,306309,50,50,443.3333333333333,42.666666666666664,19.703703703703702,42.666666666666664,MachineGames,Bethesda Softworks,False,68.6,0,False,False,44550.0
Wolfenstein II: The New Colossus,4001,6753,1000,1540,4.001,4.385064935064935,90.0,104.0,116.0,4.14,218136,62,80,1806.2666666666664,33.34444444444444,22.25897435897436,50.125,MachineGames,Bethesda Softworks,False,1065.1776186972825,0,False,False,53880.0
Wo Long: Fallen Dynasty,2645,4706,1000,1585,2.645,2.9690851735015773,45.0,63.5,71.0,3.93,162225,76,90,1360.258333333333,36.55555555555556,26.39776902887139,49.1496062992126,Team Ninja,KOEI TECMO,False,363.2388843767361,0,False,False,95870.0
While the Iron's Hot,3870,3870,1000,1000,3.87,3.87,27.5,27.5,30.0,3.45,22266,41,41,894.2222222222222,104.36363636363636,32.51717171717171,104.36363636363636,Bontemps Games,Humble Games,False,228.3955838014387,0,False,False,2170.0
We Happy Few,6130,8248,1000,1540,6.13,5.355844155844156,45.0,53.5,60.0,3.31,168317,54,70,2075.066666666666,114.0,47.51526479750779,125.38317757009345,Compulsion Games,Gearbox Publishing,False,743.6920647235676,0,False,False,10650.0
Watch_Dogs 2,2428,2734,1100,1260,2.207272727272727,2.1698412698412697,49.0,56.0,63.0,4.07,295902,51,55,530.9166666666666,27.102040816326532,10.132440476190476,26.321428571428573,Ubisoft Montreal,Ubisoft,False,201.36430946665826,0,False,False,33170.0
Wasteland Remastered,3608,3608,1000,1000,3.608,3.608,27.5,27.5,30.0,3.09,6401,35,35,842.0833333333335,94.83636363636364,30.621212121212128,94.83636363636364,"Interplay, inXile Entertainment, Krome Studios",Xbox Game Studios,False,205.5990236863979,0,False,False,3020.0
Wasteland 3,4866,6832,1000,1490,4.866,4.585234899328859,135.0,149.0,166.0,3.99,70898,74,86,2561.0333333333338,28.637037037037036,19.551230425055934,35.852348993288594,inXile Entertainment,Deep Silver,False,1629.860639896786,0,False,False,25000.0
Wasteland 2: Director's Cut,2852,2852,1000,1000,2.852,2.852,90.0,90.0,100.0,4.0,11939,46,46,794.8666666666667,20.57777777777778,8.831851851851852,20.57777777777778,inXile Entertainment,"Deep Silver, inXile Entertainment",False,481.64192309224904,0,False,False,9310.0
"Warhammer 40,000: Darktide",7044,7044,1000,1000,7.044,7.044,135.0,135.0,150.0,3.59,116559,36,36,1516.3999999999999,44.77037037037037,11.232592592592592,44.77037037037037,Fatshark,Fatshark,False,2804.2729319094456,0,False,False,58560.0
Viva Piñata: Trouble In Paradise,2229,2229,1000,1000,2.229,2.229,22.5,22.5,25.0,3.68,50904,50,50,570.0833333333334,54.62222222222222,25.33703703703704,54.62222222222222,Rare,Xbox Game Studios,True,169.05832869207083,2,False,False,4940.0
Viva Piñata,1976,1976,1000,1000,1.976,1.976,45.0,45.0,50.0,3.56,168488,50,50,488.0,21.68888888888889,10.844444444444445,21.68888888888889,Rare,Xbox Game Studios,True,292.2047180317252,0,False,False,4890.0
Venba,1236,1236,1000,1000,1.236,1.236,1.5,1.5,2.0,3.31,38010,15,15,34.75,157.33333333333334,23.166666666666668,157.33333333333334,Visai Games,Visai Games,False,2.7482592716117598,0,False,False,1560.0
Vampire Survivors,2432,2791,1365,1575,1.7816849816849818,1.7720634920634921,48.75,58.25,66.5,4.52,174482,171,211,1325.0,21.887179487179488,27.570815450643778,20.875536480686694,poncle,poncle,False,156.8702406714787,0,False,False,1340.0
Unpacking,1479,1479,1000,1000,1.479,1.479,1.5,1.5,2.0,3.49,198955,25,25,98.53333333333333,319.3333333333333,65.68888888888888,319.3333333333333,"Witch Beam, Screwtape Studios",Humble Games,False,3.597346376984013,0,False,False,667.0
Turnip Boy Robs a Bank,1697,1697,1000,1000,1.697,1.697,5.5,5.5,6.0,3.67,32459,23,23,126.69365079365082,126.72727272727273,23.03520923520924,126.72727272727273,Snoozy Kazoo,Graffiti Games,False,13.263984749237313,0,False,False,1480.0
Turbo Golf Racing,4780,4780,1000,1000,4.78,4.78,37.5,37.5,40.0,3.49,13525,30,30,1044.9499999999998,100.8,27.86533333333333,100.8,Hugecalf Studios,Hugecalf Studios,False,418.0245964055226,0,False,False,13840.0
Trailmakers,4228,4228,1200,1200,3.5233333333333334,3.5233333333333334,13.75,13.75,15.5,3.3,41440,22,22,529.1521645021645,220.21818181818182,38.4837937819756,220.21818181818182,Flashbulb Games,Flashbulb Games,False,102.5090708485424,0,False,False,9770.0
Totally Reliable Delivery Service,4451,4502,1015,1030,4.385221674876847,4.370873786407767,9.25,9.5,11.0,2.66,180274,26,27,700.4722222222223,371.4594594594595,76.26023391812866,365.4736842105263,We're Five Games,tinyBuild,False,100.51828820797634,0,False,False,4270.0
Totally Accurate Battle Simulator,4174,4174,1000,1000,4.174,4.174,7.0,7.0,8.0,3.44,80197,64,64,1829.2666666666667,453.42857142857144,261.32380952380953,453.42857142857144,"Landfall Games, 24 Bit Games",Landfall Games,False,68.22109000548146,0,False,False,5060.0
Torment: Tides of Numenera,5498,5498,1000,1000,5.498,5.498,90.0,90.0,100.0,3.66,21402,52,52,2455.4722222222226,49.977777777777774,27.28302469135803,49.977777777777774,inXile Entertainment,Techland,False,1289.1608355515614,0,False,False,7030.0
Tom Clancy's Rainbow Six Siege,1458,1458,1000,1000,1.458,1.458,90.0,90.0,100.0,4.09,496646,48,48,187.83333333333334,5.088888888888889,2.087037037037037,5.088888888888889,Ubisoft Montreal,Ubisoft,False,176.05010400451343,0,False,False,42560.0
Tom Clancy's Ghost Recon Wildlands,2183,3614,1000,1500,2.183,2.4093333333333335,70.0,70.0,80.0,4.04,342142,43,57,469.28888888888883,16.9,10.078072562358276,30.2,Ubisoft Paris,Ubisoft,False,299.18190333547426,0,False,False,62320.0
Tin Hearts,6498,6498,1000,1000,6.498,6.498,13.5,13.5,15.0,3.4,10166,30,30,1066.4619047619049,407.25925925925924,78.99717813051147,407.25925925925924,Rogue Sun,Wired Productions,False,248.46248217427114,2,False,False,12510.0
Those Who Remain,1628,1628,1000,1000,1.628,1.628,9.0,9.0,10.0,2.55,3464,14,14,88.39999999999998,69.77777777777777,9.82222222222222,69.77777777777777,Camel 101,Wired Productions,False,20.772157211036124,0,False,False,11390.0
This War of Mine: Final Cut,4308,8144,1000,1755,4.308,4.64045584045584,22.5,40.0,45.0,3.89,22634,51,54,1591.725,147.0222222222222,42.3775,159.725,11 bit studios,11 bit studios,False,449.83524527115503,0,False,False,3390.0
Thirsty Suitors,2594,2594,1000,1000,2.594,2.594,11.0,11.0,12.0,3.44,9870,26,26,357.83333333333337,144.9090909090909,32.53030303030303,144.9090909090909,Outerloop Games,Annapurna Interactive,False,50.13444408882978,0,False,False,3630.0
The Wandering Village,4912,4912,1000,1000,4.912,4.912,37.5,37.5,40.0,3.81,9786,17,17,480.05714285714294,104.32,12.801523809523811,104.32,Stray Fawn Studio,Stray Fawn Studio,False,435.4592583064459,0,False,False,1410.0
The Walking Dead: The Final Season,359,1281,250,1000,1.436,1.281,2.5,10.0,12.0,4.28,59761,32,48,112.50000000000001,43.6,13.455000000000002,28.1,Telltale Games,"Skybound Games, Telltale Games",False,17.398224906696658,0,False,False,3670.0
The Walking Dead: Season Two,1096,1096,1000,1000,1.096,1.096,9.0,9.0,10.0,4.24,174291,40,40,36.63333333333335,10.666666666666666,4.070370370370372,10.666666666666666,Telltale Games,"Skybound Games, Telltale Games",False,11.474026041455545,0,False,False,4460.0
The Walking Dead: Michonne,348,1049,330,1000,1.0545454545454545,1.049,1.5,4.5,6.0,3.67,101972,14,21,6.904761904761907,12.0,2.089947089947091,10.88888888888889,Telltale Games,"Skybound Games, Telltale Games",False,6.446358922989008,0,False,False,2370.0
The Walking Dead: A New Frontier,212,1068,200,1000,1.06,1.068,1.5,7.5,10.0,3.98,135032,12,30,7.500000000000006,8.0,2.2933333333333343,9.066666666666666,Telltale Games,"Skybound Games, Telltale Games",False,11.037148327353403,0,False,False,4390.0
The Walking Dead,1332,1332,1000,1000,1.332,1.332,13.5,13.5,15.0,4.34,290942,48,48,158.4,24.59259259259259,11.733333333333334,24.59259259259259,Telltale Games,"Skybound Games, Telltale Games",False,23.05937841313161,0,False,False,4650.0
The Texas Chain Saw Massacre,3557,3557,1000,1000,3.557,3.557,110.0,110.0,120.0,3.7,99062,50,50,1150.3333333333333,23.245454545454546,10.457575757575757,23.245454545454546,Sumo Nottingham,Gun Interactive,False,805.0206926403818,0,False,False,21990.0
The Outer Worlds,2754,3942,1000,1390,2.754,2.8359712230215828,45.0,61.0,68.0,4.2,350527,58,68,1111.8205128205125,38.977777777777774,21.286675073560314,41.83606557377049,Obsidian Entertainment,Private Division,False,324.75933410100714,0,False,False,36780.0
The Last Case of Benedict Fox: Definitive Edition,2698,2698,1000,1000,2.698,2.698,17.5,17.5,20.0,3.25,46296,32,32,483.5333333333333,97.02857142857142,27.630476190476188,97.02857142857142,Plot Twist,Rogue Games,False,88.6324825151592,0,False,False,9280.0
The Gunk,1635,1635,1000,1000,1.635,1.635,7.0,7.0,8.0,3.64,124058,17,17,111.35,90.71428571428571,15.907142857142857,90.71428571428571,SteamWorld Games,Thunderful Games,False,16.725019103128105,0,False,False,11100.0
The Evil Within 2,2169,2169,1000,1000,2.169,2.169,27.5,27.5,30.0,4.25,83249,51,51,486.5666666666667,42.50909090909091,17.693333333333335,42.50909090909091,Tango Gameworks,Bethesda Softworks,False,95.83200680409443,0,False,False,29800.0
The Evil Within (JP),1689,2931,1000,1735,1.689,1.6893371757925073,32.5,32.5,35.0,3.9,573,58,71,350.07301587301583,21.2,13.440708180708182,36.8,Tango Gameworks,Bethesda Softworks,False,76.84976668373176,0,False,False,34390.0
The Evil Within,2880,4774,1000,1735,2.88,2.7515850144092218,70.0,81.5,93.0,4.13,96431,58,71,844.2555555555555,26.857142857142858,12.6186775732788,37.28834355828221,Tango Gameworks,Bethesda Softworks,False,424.4801165369887,0,False,False,34140.0
The Elder Scrolls V: Skyrim Special Edition,3177,3177,1550,1550,2.049677419354839,2.049677419354839,90.0,90.0,100.0,4.71,332965,75,75,712.4,18.07777777777778,7.915555555555556,18.07777777777778,Bethesda Game Studios,Bethesda Softworks,False,293.4460547433027,0,False,False,34980.0
The Elder Scrolls Online,12843,33333,1590,6520,8.077358490566038,5.112423312883435,1057.5,1000.0,1000.0,3.87,263202,75,167,3513.5333333333338,10.64113475177305,6.084166666666669,26.813,ZeniMax Online Studios,Bethesda Softworks,False,11559.530890302096,0,False,False,127510.0
The Elder Scrolls IV: Oblivion,1472,1845,1000,1250,1.472,1.476,70.0,79.0,90.0,4.37,305230,52,60,235.78181818181818,6.742857142857143,3.4529344073647867,7.531645569620253,Bethesda Game Studios,Bethesda Softworks,True,374.98524458650365,0,False,False,5870.0
The Bookwalker: Thief of Tales,2821,2821,1000,1000,2.821,2.821,11.0,11.0,12.0,3.73,8929,37,37,518.7333333333333,165.54545454545453,47.157575757575756,165.54545454545453,Do My Best,tinyBuild,False,56.85725325043411,0,False,False,11970.0
The Big Con,3845,3845,1500,1500,2.5633333333333335,2.5633333333333335,14.25,14.25,16.5,3.55,16730,52,52,659.647077154524,164.56140350877192,46.29102295821221,164.56140350877192,Mighty Yell,Skybound Games,False,67.71604295942974,0,False,False,1015.0
The Bard's Tale Trilogy,5917,5917,1000,1000,5.917,5.917,70.0,70.0,80.0,3.36,15924,47,47,1976.5000000000002,70.24285714285715,28.235714285714288,70.24285714285715,"Krome Studios, Interplay",inXile Entertainment,False,1151.4427269140224,0,False,False,1400.0
The Bard's Tale IV: Director's Cut,4516,4516,1000,1000,4.516,4.516,55.0,55.0,60.0,3.3,19660,59,59,1969.95,63.92727272727273,35.81727272727273,63.92727272727273,inXile Entertainment,inXile Entertainment,False,575.81390773895,0,False,False,16570.0
The Bard's Tale ARPG : Remastered and Resnarkled,1907,1907,1000,1000,1.907,1.907,2.5,2.5,3.0,3.06,34288,51,51,437.5666666666666,362.8,175.02666666666664,362.8,"inXile Entertainment, Square One Games",Xbox Game Studios,False,7.900367509616245,0,False,False,3810.0
Terraria,4498,4498,1290,1290,3.4868217054263564,3.4868217054263564,92.0,92.0,103.0,3.99,239302,39,39,944.7333333333336,34.869565217391305,10.268840579710147,34.869565217391305,"Re-Logic, DR Studios",505 Games,False,670.6282375103501,0,False,False,387.0
Tell Me Why,689,2130,500,1500,1.378,1.42,2.5,8.5,10.0,3.5,116365,16,30,70.9,75.6,15.129411764705885,74.11764705882354,DON’T NOD,Xbox Game Studios,False,16.921252908694438,0,False,False,9000.0
Teenage Mutant Ninja Turtles: Shredder's Revenge,2768,2768,1000,1000,2.768,2.768,17.5,17.5,20.0,4.14,239867,30,30,442.11428571428576,101.02857142857142,25.263673469387758,101.02857142857142,"Tribute Games, Seaven Studio","Dotemu, Limited Run Games",False,92.1041341786567,0,False,False,1160.0
TUNIC,2935,2935,1000,1000,2.935,2.935,17.5,17.5,20.0,4.07,185110,36,36,558.4,110.57142857142857,31.908571428571427,110.57142857142857,ISOMETRICORP Games,Finji,False,100.56391077319935,0,False,False,3080.0
TOEM,1534,1534,1000,1000,1.534,1.534,7.0,7.0,8.0,4.03,21487,48,48,246.79999999999998,76.28571428571429,35.25714285714285,76.28571428571429,Something We Made,Something We Made,False,15.199455367084704,0,False,False,789.0
Sword and Fairy: Together Forever,2261,2261,1000,1000,2.261,2.261,27.5,27.5,30.0,3.72,8576,37,37,404.73333333333335,45.85454545454545,14.717575757575759,45.85454545454545,SOFTSTAR Entertainment,E-Home Entertainment,False,101.9934067619079,0,False,False,27250.0
Supraland: Six Inches Under,2822,2822,1000,1000,2.822,2.822,17.5,17.5,20.0,3.5,34339,53,53,712.9666666666666,104.11428571428571,40.74095238095238,104.11428571428571,Supra Games,Humble Games,False,94.8124807143026,0,False,False,2710.0
Supraland: Six Inches Under,2822,2822,1000,1000,2.822,2.822,17.5,17.5,20.0,3.5,34339,53,53,712.9666666666666,104.11428571428571,40.74095238095238,104.11428571428571,Supra Games,Humble Games,False,94.8124807143026,0,False,False,2710.0
Superliminal,4545,4545,1200,1200,3.7875,3.7875,10.5,10.5,12.0,3.98,106189,23,23,479.3,318.57142857142856,45.647619047619045,318.57142857142856,Pillow Castle Games,Pillow Castle Games,False,88.45251957264983,0,False,False,14410.0
Superliminal,4545,4545,1200,1200,3.7875,3.7875,10.5,10.5,12.0,3.98,106189,23,23,479.3,318.57142857142856,45.647619047619045,318.57142857142856,Pillow Castle Games,Pillow Castle Games,False,88.45251957264983,0,False,False,14410.0
Super Lucky's Tale,3536,5214,1280,2000,2.7625,2.607,17.5,24.5,28.0,3.6,153299,54,58,718.2766666666668,128.9142857142857,30.974557823129253,131.18367346938774,Playful Studios,Xbox Game Studios,False,117.86085250714932,0,False,False,10300.0
Super Lucky's Tale,3536,5214,1280,2000,2.7625,2.607,17.5,24.5,28.0,3.6,153299,54,58,718.2766666666668,128.9142857142857,30.974557823129253,131.18367346938774,Playful Studios,Xbox Game Studios,False,117.86085250714932,0,False,False,10300.0
Sunset Overdrive,4776,5806,1475,1925,3.2379661016949153,3.016103896103896,50.25,55.25,63.0,4.26,443492,83,88,1510.4768844221105,65.69154228855722,29.164589159977865,70.24434389140272,Insomniac Games,Xbox Game Studios,False,329.9970031928715,0,False,False,26060.0
Sunset Overdrive,4776,5806,1475,1925,3.2379661016949153,3.016103896103896,50.25,55.25,63.0,4.26,443492,83,88,1510.4768844221105,65.69154228855722,29.164589159977865,70.24434389140272,Insomniac Games,Xbox Game Studios,False,329.9970031928715,0,False,False,26060.0
Stranded Deep,4739,4739,1000,1000,4.739,4.739,0.25,0.25,0.5,3.08,150449,35,35,1187.666666666667,14956.0,4750.666666666668,14956.0,"Beam Team Games, Fun Labs",Beam Team Games,False,5.158222451072656,0,False,False,1640.0
Story of Seasons: Friends of Mineral Town,3407,3407,1000,1000,3.407,3.407,90.0,90.0,100.0,4.04,4710,35,35,711.3666666666667,26.744444444444444,7.9040740740740745,26.744444444444444,"Marvelous Entertainment, Natsume","Marvelous Entertainment, XSEED Games",False,628.8661236145575,0,False,False,1150.0
SteamWorld Build,2802,2802,1000,1000,2.802,2.802,27.5,27.5,30.0,4.0,26978,28,28,390.9333333333334,65.52727272727273,14.215757575757578,65.52727272727273,Thunderful Games,Thunderful Games,False,140.70951015194387,0,False,False,2720.0
State of Decay: Year-One,2390,4120,1000,1500,2.39,2.7466666666666666,70.0,106.5,120.0,3.98,189420,68,72,1158.0666666666664,19.857142857142858,11.676682316118933,24.600938967136152,Undead Labs,Xbox Game Studios,False,546.248404543818,0,False,False,3920.0
State of Decay 2: Juggernaut Edition,10650,10650,2400,2400,4.4375,4.4375,369.25,369.25,422.0,3.9,444513,153,153,4444.111904761905,22.34258632362898,12.035509559273947,22.34258632362898,Undead Labs,Xbox Game Studios,False,3944.7546797485943,0,False,False,18340.0
Starfield,2498,2498,1000,1000,2.498,2.498,90.0,90.0,100.0,4.19,414517,50,50,596.2666666666667,16.644444444444446,6.625185185185185,16.644444444444446,Bethesda Game Studios,Bethesda Softworks,False,394.8104607530049,0,False,False,140190.0
Stardew Valley,3148,3148,1000,1000,3.148,3.148,175.0,175.0,200.0,4.65,99972,40,40,590.55,12.274285714285714,3.374571428571428,12.274285714285714,ConcernedApe,"ConcernedApe, 505 Games",False,1117.0743536936118,0,False,False,1300.0
Stacking,286,355,200,250,1.43,1.42,7.0,8.5,10.0,3.92,26534,20,21,83.16666666666667,12.285714285714286,10.254901960784315,12.352941176470589,Double Fine,THQ,True,39.90645060638693,0,False,False,994.0
Spirittea,2828,2828,1000,1000,2.828,2.828,70.0,70.0,80.0,3.26,1115,15,15,271.8071428571428,26.114285714285714,3.882959183673469,26.114285714285714,Cheesemaster Games,No More Robots,False,380.46007981495245,0,False,False,712.0
Spiritfarer: Farewell Edition,2087,2087,1000,1000,2.087,2.087,32.5,32.5,35.0,4.33,44941,39,39,362.69740259740263,33.44615384615385,11.15992007992008,33.44615384615385,Thunder Lotus Games,Thunder Lotus Games,False,105.52411485615505,0,False,False,6700.0
Spirit of the North: Enhanced Edition,2529,2529,1000,1000,2.529,2.529,7.0,7.0,8.0,3.17,24056,24,24,295.6944444444444,218.42857142857142,42.24206349206349,218.42857142857142,Infuse Studio,Merge Games,False,32.17460552821122,0,False,False,3900.0
SpiderHeck,21748,21748,1470,1470,14.794557823129251,14.794557823129251,82.5,82.5,90.0,3.07,74757,39,39,2984.383333333333,245.79393939393938,36.174343434343434,245.79393939393938,Neverjam,tinyBuild,False,5121.480150094042,0,False,False,1410.0
Spacelines from the Far Out,3820,3820,1000,1000,3.82,3.82,22.5,22.5,25.0,2.96,33888,44,44,998.4380952380953,125.33333333333333,44.37502645502646,125.33333333333333,Coffeenauts,Skystone Games,False,186.6530337283592,0,False,False,6610.0
Soul Hackers 2,4578,4578,1000,1000,4.578,4.578,70.0,70.0,80.0,3.61,45929,47,47,1091.9166666666665,51.114285714285714,15.598809523809521,51.114285714285714,Atlus,SEGA,False,783.6166758899406,0,False,False,19270.0
Somerville,1684,1684,1000,1000,1.684,1.684,4.5,4.5,5.0,3.37,46823,11,11,65.3,152.0,14.511111111111111,152.0,Jumpship,Jumpship,False,10.926551953841614,0,False,False,10250.0
Solar Ash,3526,3526,1000,1000,3.526,3.526,17.5,17.5,20.0,3.57,24915,32,32,724.5833333333334,144.34285714285716,41.404761904761905,144.34285714285716,Heart Machine,Annapurna Interactive,False,132.41996160096105,0,False,False,3270.0
Soccer Story,2602,2602,1000,1000,2.602,2.602,13.5,13.5,15.0,2.94,25920,20,20,230.8,118.66666666666667,17.0962962962963,118.66666666666667,PanicBarn,No More Robots,False,62.95818470858257,0,False,False,1820.0
SnowRunner,4570,4570,1000,1000,4.57,4.57,175.0,175.0,200.0,4.15,119045,37,37,1255.9333333333332,20.4,7.176761904761904,20.4,Saber Interactive,Focus Entertainment,False,1953.9088310358802,0,False,False,26820.0
Sniper Elite 5,2736,3783,1000,1375,2.736,2.751272727272727,27.5,34.25,39.0,4.07,117018,58,71,908.8809523809526,63.127272727272725,33.16440736878693,70.30656934306569,"Rebellion, Flix Interactive","Rebellion, Fireshine Games",False,177.97748756296852,0,False,False,113670.0
Slayers X: Terminal Aftermath: Vengance of the Slayer,2618,2618,1000,1000,2.618,2.618,7.0,7.0,8.0,3.15,12137,19,19,314.34880952380956,231.14285714285714,44.90697278911565,231.14285714285714,Big Z Studios,No More Robots,False,33.88788388270947,0,False,False,3180.0
Slay The Spire,4817,4817,1070,1070,4.501869158878504,4.501869158878504,177.5,177.5,203.0,4.28,75884,46,46,1124.3000000000002,21.109859154929577,6.334084507042254,21.109859154929577,MegaCrit,Humble Games,False,1939.0336275164775,0,False,False,561.0
Shredders,3037,3037,1000,1000,3.037,3.037,9.0,9.0,10.0,3.27,27848,35,35,593.3499999999999,226.33333333333334,65.92777777777776,226.33333333333334,FoamPunch,FoamPunch,False,52.925770332608295,0,False,False,18270.0
Shadowrun: Hong Kong - Extended Edition,3065,3065,1000,1000,3.065,3.065,55.0,55.0,60.0,3.63,2043,60,60,1098.6666666666665,37.54545454545455,19.975757575757573,37.54545454545455,"Harebrained Schemes, Codeglue",Paradox Interactive,False,321.9563303462133,0,False,False,2460.0
Shadowrun: Dragonfall - Director's Cut,3157,3157,1000,1000,3.157,3.157,45.0,45.0,50.0,3.86,3595,39,39,712.3928571428572,47.93333333333333,15.830952380952382,47.93333333333333,"Harebrained Schemes, Codeglue",Paradox Interactive,False,280.4670697827109,0,False,False,2330.0
Shadowrun Returns,2741,2741,1000,1000,2.741,2.741,22.5,22.5,25.0,3.61,8323,40,40,746.7738095238095,77.37777777777778,33.18994708994709,77.37777777777778,"Harebrained Schemes, Codeglue",Paradox Interactive,False,113.44975490553075,0,False,False,1920.0
Shadow Warrior 3: Definitive Edition,1825,1825,1000,1000,1.825,1.825,9.0,9.0,10.0,3.61,58506,38,38,245.8452380952381,91.66666666666667,27.316137566137566,91.66666666666667,Flying Wild Hog,Devolver Digital,False,24.65439235714399,0,False,False,18950.0
Serious Sam: Siberian Mayhem,7752,7752,1000,1000,7.752,7.752,13.5,13.5,15.0,3.11,29999,49,49,2380.912604062604,500.14814814814815,176.3638965972299,500.14814814814815,"Croteam, Timelock Studio",Devolver Digital,False,323.75158636954967,0,False,False,19810.0
Sea of Thieves,49187,49187,5360,5360,9.176679104477612,9.176679104477612,2175.75,1000.0,1000.0,3.81,583731,266,266,15532.02802197802,20.14339882799035,15.53202802197802,43.827,Rare,Xbox Game Studios,False,27798.945234965155,13,False,False,102160.0
Sea of Stars,2311,2311,1000,1000,2.311,2.311,45.0,45.0,50.0,4.43,48623,42,42,442.87500000000006,29.133333333333333,9.841666666666669,29.133333333333333,Sabotage Studio,"Sabotage Studio, iam8bit",False,175.65880444059727,0,False,False,4340.0
ScreamRide,13857,13857,1000,1000,13.857,13.857,55.0,55.0,60.0,2.99,96049,47,47,4009.433333333334,233.76363636363635,72.89878787878789,233.76363636363635,Frontier Developments,Xbox Game Studios,False,3094.960252031486,5,False,False,4450.0
Scorn,1438,1438,1000,1000,1.438,1.438,5.5,5.5,6.0,3.33,78581,12,12,53.475,79.63636363636364,9.722727272727273,79.63636363636364,Ebb Software,"Kepler Interactive, Maximum Games",False,10.346407501737016,0,False,False,28150.0
SOMA,1356,1356,1000,1000,1.356,1.356,7.0,7.0,8.0,3.98,31198,10,10,33.9047619047619,50.857142857142854,4.8435374149659856,50.857142857142854,"Frictional Games, BlitWorks",Frictional Games,False,12.632215364851884,0,False,False,20020.0
SD Gundam Battle Alliance,2744,2744,1000,1000,2.744,2.744,27.5,27.5,30.0,3.48,16529,43,43,613.3999999999999,63.41818181818182,22.30545454545454,63.41818181818182,ArtDink,Bandai Namco Entertainment,False,136.36327256853292,0,False,False,25860.0
Ryse: Son of Rome,3189,4969,1300,2000,2.453076923076923,2.4845,46.5,54.0,61.0,3.94,447050,65,76,945.0,40.623655913978496,20.44444444444445,54.98148148148148,Crytek,Xbox Game Studios,False,238.88470083983222,0,False,False,36960.0
Rush: A Disney Pixar Adventure,3404,3404,1000,1000,3.404,3.404,17.5,17.5,20.0,2.87,154199,50,50,1199.6333333333332,137.37142857142857,68.55047619047619,137.37142857142857,Asobo Studio,Xbox Game Studios,False,125.60713875254065,0,False,False,20750.0
Rune Factory 4 Special,5635,5635,1000,1000,5.635,5.635,250.0,250.0,300.0,4.07,5981,38,38,1220.5555555555557,18.54,4.8822222222222225,18.54,"HAKAMA, Marvelous Entertainment",Marvelous Entertainment,False,4012.935092765643,0,False,False,5100.0
Rollerdrome,5106,5106,1000,1000,5.106,5.106,9.0,9.0,10.0,3.54,30775,21,21,657.7142857142857,456.22222222222223,73.07936507936508,456.22222222222223,Roll7,Private Division,False,115.37752424800941,0,False,False,4490.0
Roboquest,2434,2434,1000,1000,2.434,2.434,45.0,45.0,50.0,4.14,34999,76,76,895.6666666666667,31.866666666666667,19.903703703703705,31.866666666666667,RyseUp Studios,"Starbreeze Studios, RyseUp Studios",False,189.86760192302427,0,False,False,4570.0
Rise of the Tomb Raider,2477,6372,1000,2250,2.477,2.832,45.0,69.0,77.0,4.5,338369,92,143,1663.3666666666668,32.82222222222222,36.12729468599034,59.73913043478261,Crystal Dynamics,Crystal Dynamics,False,366.97003110318417,2,False,False,51080.0
Return to Monkey Island,2952,2952,1000,1000,2.952,2.952,17.5,17.5,20.0,4.08,26001,39,39,560.125,111.54285714285714,32.00714285714286,111.54285714285714,Terrible Toybox,"Devolver Digital, Limited Run Games",False,101.4388986691003,0,False,False,4600.0
Remnant: From the Ashes,2163,3606,1000,1500,2.163,2.404,45.0,72.0,80.0,3.93,169158,43,50,516.5166666666667,25.844444444444445,8.71550925925926,29.25,Gunfire Games,Perfect World Entertainment,False,298.1890435438566,0,False,False,36230.0
Remnant II,2148,3430,1000,1500,2.148,2.2866666666666666,70.0,83.5,95.0,4.13,111564,52,60,570.6666666666665,16.4,8.441516966067862,23.11377245508982,Gunfire Games,"Gearbox Publishing, THQ Nordic",False,328.494344356298,0,False,False,73750.0
Redfall,3685,3685,1000,1000,3.685,3.685,45.0,45.0,50.0,2.74,145381,66,66,1540.9831932773109,59.666666666666664,34.244070961718016,59.666666666666664,Arkane Studios,Bethesda Softworks,False,353.6928191418367,0,False,False,102280.0
ReCore,5422,5422,1500,1500,3.6146666666666665,3.6146666666666665,54.0,54.0,60.0,3.64,227129,73,73,2021.2833333333328,72.62962962962963,37.43117283950616,72.62962962962963,"Armature Studio, Comcept, Asobo Studio",Xbox Game Studios,False,412.3382578392001,0,False,False,13660.0
Ravenlok,1552,1552,1000,1000,1.552,1.552,4.5,4.5,5.0,3.73,73000,50,50,232.14999999999998,122.66666666666667,51.58888888888888,122.66666666666667,Cococucumber,Cococucumber,False,9.66735306068833,0,False,False,4059.9999999999995
Rare Replay,27734,27734,4000,4000,6.9335,6.9335,250.0,250.0,300.0,4.14,239644,200,200,10011.249999999998,94.936,40.044999999999995,94.936,"Rare, Code Mystics",Xbox Game Studios,False,5477.0919825518495,0,False,False,11540.0
Rainbow Billy: The Curse of the Leviathan,1961,1961,1000,1000,1.961,1.961,17.5,17.5,20.0,3.51,9548,39,39,344.8833333333333,54.91428571428571,19.707619047619048,54.91428571428571,ManaVoid Entertainment,Skybound Games,False,54.92200535668741,0,False,False,4370.0
Railway Empire 2,5212,5886,1030,1145,5.060194174757282,5.14061135371179,70.25,70.0,80.0,3.65,27349,58,61,2065.5833333333335,59.530249110320284,31.21785714285714,67.72857142857143,Gaming Minds,Kalypso Media,False,932.4212092828515,0,False,False,19420.0
RESEARCH and DESTROY,6241,6241,1000,1000,6.241,6.241,17.5,17.5,20.0,3.15,22298,45,45,1949.933333333333,299.48571428571427,111.42476190476188,299.48571428571427,Implausible Industries,Spike Chunsoft,False,311.8252430583515,0,False,False,2780.0
RAGE 2,3714,4832,1045,1435,3.554066985645933,3.367247386759582,41.0,47.0,52.0,3.57,162586,61,65,1399.6888888888889,65.09756097560975,31.184869976359337,72.27659574468085,"Avalanche Studios, id Software",Bethesda Softworks,False,321.30381372222473,0,False,False,46590.0
RAGE,2341,3045,1000,1250,2.341,2.436,22.5,36.0,40.0,3.8,172461,52,60,583.5,59.6,19.905291005291005,49.861111111111114,id Software,Bethesda Softworks,True,301.84593202758253,0,False,False,21200.0
Quantum Break,1612,1612,1000,1000,1.612,1.612,17.5,17.5,20.0,4.14,300828,42,42,244.5,34.97142857142857,13.971428571428572,34.97142857142857,"Remedy Entertainment, Asobo Studio",Xbox Game Studios,False,40.93337478390953,0,False,False,102560.0
Quake II,1804,1804,1000,1000,1.804,1.804,1.5,1.5,2.0,3.93,27485,13,13,91.14999999999999,536.0,60.76666666666666,536.0,"id Software, MachineGames, Nightdive Studios",Bethesda Softworks,False,4.846015461799519,0,False,False,4520.0
Quake,4523,4523,1000,1000,4.523,4.523,2.5,2.5,3.0,3.88,94706,35,35,1098.829457364341,1409.2,439.5317829457364,1409.2,"MachineGames, Nightdive Studios, id Software",Bethesda Softworks,False,28.857661599703462,0,False,False,1270.0
Psychonauts 2,1973,1973,1000,1000,1.973,1.973,27.5,27.5,30.0,4.49,174028,57,57,499.1428571428572,35.38181818181818,18.150649350649353,35.38181818181818,Double Fine,Xbox Game Studios,False,83.14035653820594,0,False,False,30240.0
Prey,3660,4394,1000,1195,3.66,3.6769874476987447,45.0,62.5,70.0,4.13,170427,56,58,1212.7777777777778,59.111111111111114,20.359111111111112,51.184,Arkane Studios,Bethesda Softworks,False,493.5558012473859,0,False,False,36900.0
PowerWash Simulator,2838,4212,1000,1540,2.838,2.735064935064935,45.0,58.0,65.0,3.94,286537,54,70,876.9,40.84444444444444,19.366091954022988,46.06896551724138,Futurlab,Square Enix,False,294.01183942029644,0,False,False,8320.0
Planet of Lana,2864,2864,1000,1000,2.864,2.864,7.0,7.0,8.0,3.89,68072,25,25,256.8863636363636,266.2857142857143,36.69805194805195,266.2857142857143,Wishfully,Thunderful Games,False,38.774794735962175,0,False,False,9410.0
Pillars of Eternity,3121,3121,1000,1000,3.121,3.121,90.0,90.0,100.0,3.99,9441,26,26,417.82380952380953,23.566666666666666,4.642486772486772,23.566666666666666,"Obsidian Entertainment, Paradox Arctic","Paradox Interactive, 505 Games",False,551.366852113908,0,False,False,14260.0
Pillars Of Eternity II: Deadfire,2532,2532,1000,1000,2.532,2.532,70.0,70.0,80.0,4.26,6952,54,54,812.7666666666667,21.885714285714286,11.61095238095238,21.885714285714286,Obsidian Entertainment,Versus Evil,False,322.31872690738896,0,False,False,22720.0
Pikuniku,1836,1836,1000,1000,1.836,1.836,4.5,4.5,5.0,3.41,48940,14,14,110.9,185.77777777777777,24.644444444444446,185.77777777777777,Sectordub,Devolver Digital,False,12.438815313364856,0,False,False,480.0
Phoenix Wright: Ace Attorney Trilogy,3288,3288,1000,1000,3.288,3.288,32.5,32.5,35.0,4.14,50560,30,30,586.3880952380953,70.4,18.042710622710622,70.4,Capcom Entertainment,Capcom Entertainment,False,208.67275874727875,0,False,False,2500.0
Phoenix Point,8269,8269,1000,1000,8.269,8.269,250.0,250.0,300.0,3.66,13010,47,47,2484.7666666666664,29.076,9.939066666666665,29.076,Snapshot Games,Snapshot Games,False,7133.468414439782,0,False,False,32750.0
Phantom Abyss,6354,6354,1000,1000,6.354,6.354,27.5,27.5,30.0,3.27,22374,18,18,776.8261904761905,194.6909090909091,28.24822510822511,194.6909090909091,Team WIBY,Devolver Digital,False,480.49853785167755,0,False,False,2610.0
Persona 5 Tactica,2176,2176,1000,1000,2.176,2.176,45.0,45.0,50.0,4.06,12632,39,39,365.9666666666666,26.133333333333333,8.13259259259259,26.133333333333333,Atlus,SEGA,False,160.49382991255462,0,False,False,24080.0
Perfect Dark Zero,3941,3941,1000,1000,3.941,3.941,70.0,70.0,80.0,2.72,82614,50,50,1143.033333333333,42.01428571428571,16.329047619047614,42.01428571428571,Rare,Xbox Game Studios,True,1123.058568794344,0,False,False,5220.0
Perfect Dark (2010),684,684,200,200,3.42,3.42,55.0,55.0,60.0,3.78,106857,20,20,465.0,8.8,8.454545454545455,8.8,"4J Studios, Rare",Xbox Game Studios,True,698.5083627273191,0,False,False,240.0
Pentiment,1920,1920,1000,1000,1.92,1.92,22.5,22.5,25.0,4.19,30035,41,41,436.26666666666665,40.888888888888886,19.389629629629628,40.888888888888886,Obsidian Entertainment,Xbox Game Studios,False,66.51075101064488,0,False,False,11110.0
Party Animals,10922,10922,1060,1060,10.30377358490566,10.30377358490566,94.75,94.75,105.5,3.6,157304,102,102,7117.476190476192,104.0844327176781,75.11848222138461,104.0844327176781,Recreate Games,Source Technology,False,3489.3691736575106,0,False,False,11000.0
Palworld,4611,4611,1200,1200,3.8425,3.8425,18.25,18.25,21.0,3.93,263112,12,12,341.1,186.9041095890411,18.69041095890411,186.9041095890411,Pocket Pair,Pocket Pair,False,158.1758252543372,0,False,False,16360.0
Pac-Man Museum+,10968,10968,1000,1000,10.968,10.968,70.0,70.0,80.0,3.03,81012,41,41,3583.6078431372543,142.4,51.19439775910363,142.4,Bandai Namco Entertainment,Bandai Namco Entertainment,False,2905.903243242073,0,False,False,1540.0
PAYDAY 3,5799,5799,1000,1000,5.799,5.799,45.0,45.0,50.0,3.23,109812,22,22,946.4920634920634,106.64444444444445,21.033156966490296,106.64444444444445,Starbreeze Studios,Deep Silver,False,698.2318694370088,0,False,False,46050.0
PAYDAY 2: Crimewave Edition,9464,15521,1210,2510,7.821487603305785,6.183665338645418,212.0,240.5,277.0,3.48,295925,65,110,4011.9603174603176,38.93396226415094,23.480084480084482,54.0997920997921,OVERKILL Software,505 Games,False,4259.403027165071,0,False,False,23420.0
PAW Patrol: Mighty Pups Save Adventure Bay,1522,1522,1000,1000,1.522,1.522,3.5,3.5,4.0,2.89,75648,30,30,156.1333333333333,149.14285714285714,44.6095238095238,149.14285714285714,Drakhar Studio,Outright Games,False,7.510726886793315,0,False,False,2680.0
PAW Patrol: Grand Prix,2644,2644,1000,1000,2.644,2.644,13.5,13.5,15.0,2.33,68542,15,15,206.15,121.77777777777777,15.27037037037037,121.77777777777777,3DClouds,Outright Games,False,64.48867223319147,0,False,False,4980.0
Overcooked! 2,3253,8432,1050,3000,3.098095238095238,2.8106666666666666,9.5,24.5,28.0,4.12,262558,41,54,804.2111111111112,231.89473684210526,41.4718820861678,221.71428571428572,"Ghost Town Games, Team17 Software","Team17 Software, Fireshine Games",False,131.9386530415517,0,False,False,3000.0
Ori and the Will of the Wisps,3415,3415,1000,1000,3.415,3.415,22.5,22.5,25.0,4.55,180299,37,37,690.5166666666667,107.33333333333333,30.68962962962963,107.33333333333333,Moon Studios,Xbox Game Studios,False,157.77059765487041,0,False,False,11410.0
Ori and the Blind Forest: Definitive Edition,4148,4148,1250,1250,3.3184,3.3184,22.5,22.5,25.0,4.47,254654,57,57,918.2666666666665,128.8,40.81185185185185,128.8,Moon Studios,Xbox Game Studios,False,151.12388538361498,0,False,False,9480.0
Opus: Echo of Starsong – Full Bloom Edition,4986,4986,1000,1000,4.986,4.986,22.5,22.5,25.0,3.46,22641,40,40,1063.4333333333332,177.15555555555557,47.2637037037037,177.15555555555557,SIGONO,SIGONO,False,278.33538363815694,0,False,False,2009.9999999999998
No Man's Sky,2999,2999,1000,1000,2.999,2.999,55.0,55.0,60.0,4.03,231938,27,27,443.28125,36.345454545454544,8.059659090909092,36.345454545454544,Hello Games,"Hello Games, 505 Games",False,311.61327378081955,0,False,False,15540.0
Ninja Gaiden Σ2,5921,5921,1000,1000,5.921,5.921,110.0,110.0,120.0,3.84,23923,41,41,1542.3785714285711,44.736363636363635,14.021623376623374,44.736363636363635,"Team Ninja, KOEI TECMO",KOEI TECMO,False,1728.915778006089,0,False,False,4330.0
Ninja Gaiden Σ,8177,8177,1000,1000,8.177,8.177,135.0,135.0,150.0,3.9,36282,51,51,3020.1904761904757,53.162962962962965,22.371781305114634,53.162962962962965,"Team Ninja, KOEI TECMO",KOEI TECMO,False,3507.37543296159,0,False,False,4260.0
Ninja Gaiden 3: Razor's Edge,9051,9051,1000,1000,9.051,9.051,70.0,70.0,80.0,3.56,38661,48,48,2790.066666666666,115.01428571428572,39.85809523809523,115.01428571428572,"Team Ninja, KOEI TECMO",KOEI TECMO,False,2178.3859854870534,0,False,False,4550.0
Ni no Kuni: Wrath of the White Witch Remastered,4259,4259,1000,1000,4.259,4.259,90.0,90.0,100.0,4.09,34898,33,33,830.8611111111112,36.21111111111111,9.231790123456792,36.21111111111111,"Level-5, QLOC",Bandai Namco Entertainment,False,878.9445146253547,0,False,False,44430.0
Ni no Kuni II: Revenant Kingdom - The Prince's Edition,3337,3337,1000,1000,3.337,3.337,90.0,90.0,100.0,3.92,14035,62,62,1081.928774928775,25.966666666666665,12.021430832541945,25.966666666666665,"Level-5, QLOC",Bandai Namco Entertainment,False,609.5850535651281,0,False,False,30940.0
New Super Lucky's Tale,2182,2182,1000,1000,2.182,2.182,11.0,11.0,12.0,3.92,133399,54,54,616.4833333333333,107.45454545454545,56.0439393939394,107.45454545454545,Playful Studios,Playful Studios,False,38.677942677862276,0,False,False,6500.0
Neon Abyss,7288,7288,1000,1000,7.288,7.288,55.0,55.0,60.0,3.46,97786,36,36,1606.4916666666666,114.32727272727273,29.208939393939392,114.32727272727273,Veewo Games,Team17 Software,False,1180.4940333348577,0,False,False,771.0
NORCO,1896,1896,1000,1000,1.896,1.896,7.0,7.0,8.0,3.41,16098,35,35,334.26666666666665,128.0,47.75238095238095,128.0,Geography of Robots,Raw Fury,False,20.885625504255312,0,False,False,3230.0
My Time at Portia,3404,3404,1000,1000,3.404,3.404,90.0,90.0,100.0,3.71,64692,30,30,650.9555555555555,26.711111111111112,7.232839506172839,26.711111111111112,Pathea Games,Team17 Software,False,628.0356937627032,0,False,False,2640.0
My Friend Peppa Pig,1266,1266,1000,1000,1.266,1.266,0.75,0.75,1.0,2.4,107835,11,11,26.199999999999996,354.6666666666667,34.93333333333333,354.6666666666667,Petoons Studio,Outright Games,False,1.4244609843726854,0,False,False,2420.0
Mortal Kombat 11,2290,2290,1000,1000,2.29,2.29,45.0,45.0,50.0,4.33,212512,58,58,718.0333333333332,28.666666666666668,15.956296296296292,28.666666666666668,NetherRealm Studios,Warner Bros. Games,False,173.2699411323268,0,False,False,152640.0
Moonlighter,4316,4316,1000,1000,4.316,4.316,27.5,27.5,30.0,3.77,43374,57,57,1397.8310023310023,120.58181818181818,50.8302182665819,120.58181818181818,Digital Sun Games,11 bit studios,False,268.9945052345865,0,False,False,1370.0
Monster Sanctuary,5093,5093,1200,1200,4.244166666666667,4.244166666666667,48.5,48.5,54.0,3.9,52550,41,41,1060.8,80.26804123711341,21.87216494845361,80.26804123711341,Moi Rai Games,Team17 Software,False,472.1526211564832,0,False,False,879.0
Monster Hunter Rise,6347,11333,1000,2000,6.347,5.6665,400.0,650.0,800.0,4.1,108290,92,100,3743.9166666666665,13.3675,5.97525641025641,14.358461538461539,Capcom Entertainment,Capcom Entertainment,False,10791.015755848011,0,False,False,34980.0
Mineko's Night Market,2665,2665,1000,1000,2.665,2.665,32.5,32.5,35.0,3.32,7938,24,24,355.6,51.23076923076923,10.941538461538462,51.23076923076923,Meowza Games,Humble Games,False,152.26983053325105,0,False,False,1230.0
Minecraft Legends,18914,18914,2000,2000,9.457,9.457,30.0,30.0,33.0,3.19,136172,40,40,2215.7,563.8,73.85666666666665,563.8,"Mojang Studios, Blackbird Interactive",Xbox Game Studios,False,959.7188466709285,0,False,False,7080.0
Minecraft Dungeons,11241,14268,2140,3000,5.252803738317757,4.756,61.75,90.75,104.0,3.87,424557,82,104,3575.1499999999996,147.3846153846154,44.970982552800734,124.16528925619835,"Mojang Studios, Double Eleven",Xbox Game Studios,False,1078.6886478239473,0,False,False,5140.0
Minecraft,6843,6843,2870,2870,2.3843205574912893,2.3843205574912893,37.0,37.0,43.0,4.34,646218,125,125,1637.966666666667,107.37837837837837,44.26936936936938,107.37837837837837,Mojang Studios,Xbox Game Studios,False,158.312577767855,0,False,False,1830.0
Middle-earth: Shadow of War,1802,2950,1010,1500,1.7841584158415842,1.9666666666666666,70.25,81.75,93.5,4.24,191276,62,72,594.3666666666668,11.274021352313166,8.484607543323142,17.737003058103976,Monolith Productions,Warner Bros. Games,False,257.8741124650352,0,False,False,98920.0
Microsoft Flight Simulator,11925,11925,1000,1000,11.925,11.925,1000.0,1000.0,1000.0,4.32,184992,43,43,3245.8880952380955,10.925,3.2458880952380955,10.925,"Asobo Studio, AeroSoft",Xbox Game Studios,False,41180.11750984934,0,False,False,157000.0
Medieval Dynasty (Xbox One),4967,4967,1000,1000,4.967,4.967,70.0,70.0,80.0,3.67,9019,44,44,1504.9452380952382,56.67142857142857,21.499217687074832,56.67142857142857,Render Cube,Toplitz Productions,False,885.5869883886054,0,False,False,4400.0
Medieval Dynasty,4806,4806,1000,1000,4.806,4.806,70.0,70.0,80.0,3.69,55603,44,44,1455.4492063492064,54.371428571428574,20.792131519274378,54.371428571428574,Render Cube,Toplitz Productions,False,842.8797821412019,0,False,False,6520.0
MechWarrior 5: Mercenaries,2970,2970,1000,1000,2.97,2.97,70.0,70.0,80.0,3.55,20566,19,19,367.0333333333333,28.142857142857142,5.243333333333333,28.142857142857142,Piranha Games,"Piranha Games, Fireshine Games",False,409.4724254452307,0,False,False,20560.0
McPixel 3,2193,2193,1000,1000,2.193,2.193,9.0,9.0,10.0,3.59,40575,93,93,1047.75,132.55555555555554,116.41666666666667,132.55555555555554,Sos Sosowski,Devolver Digital,False,32.47565712499133,0,False,False,458.0
Max: The Curse of Brotherhood,1862,1862,1000,1000,1.862,1.862,9.0,9.0,10.0,3.77,206152,36,36,224.66666666666669,95.77777777777777,24.962962962962965,95.77777777777777,Press Play,Xbox Game Studios,False,25.407943498048013,0,False,False,2960.0
Mass Effect,1909,2226,1000,1200,1.909,1.855,70.0,73.0,84.0,4.42,314091,45,49,430.4333333333333,12.985714285714286,6.216894977168949,14.054794520547945,BioWare,Xbox Game Studios,True,455.36213257088025,0,False,False,6830.0
Maquette,1984,1984,1000,1000,1.984,1.984,2.5,2.5,3.0,3.04,33741,22,22,192.6,393.6,77.03999999999999,393.6,Graceful Decay,Annapurna Interactive,False,8.383661916847554,0,False,False,5700.0
MASSIVE CHALICE,8475,8475,1000,1000,8.475,8.475,70.0,70.0,80.0,3.08,72905,28,28,1183.3083333333332,106.78571428571429,16.90440476190476,106.78571428571429,Double Fine,Double Fine,False,1973.783650758107,0,False,False,962.0
Loot River,3584,3584,1000,1000,3.584,3.584,7.0,7.0,8.0,3.24,10939,15,15,308.69999999999993,369.14285714285717,44.09999999999999,369.14285714285717,Straka.Studio,"SUPERHOT Team, Straka.Studio",False,54.2802686531303,0,False,False,2280.0
Loop Hero,3931,3931,1000,1000,3.931,3.931,45.0,45.0,50.0,3.92,35784,50,50,1098.1833333333332,65.13333333333334,24.40407407407407,65.13333333333334,Four Quarters,Devolver Digital,False,389.69476353615534,0,False,False,516.0
Lonely Mountains: Downhill,9042,15666,1000,2230,9.042,7.025112107623318,27.5,38.0,43.0,3.45,130308,57,82,3780.9999999999995,292.43636363636364,126.2333333333333,353.57894736842104,Megagon Industries,Thunderful Games,False,800.6603910109,0,False,False,732.0
Like a Dragon: Ishin!,4502,4502,1000,1000,4.502,4.502,135.0,135.0,150.0,4.08,55698,55,55,1555.6410256410252,25.94074074074074,11.523266856600186,25.94074074074074,Ryu Ga Gotoku Studio,SEGA,False,1432.8459321155221,0,False,False,58710.0
Like a Dragon Gaiden: The Man Who Erased His Name,1579,1579,1000,1000,1.579,1.579,27.5,27.5,30.0,4.5,35110,61,61,353.76666666666654,21.054545454545455,12.86424242424242,21.054545454545455,Ryu Ga Gotoku Studio,SEGA,False,59.52432095454765,0,False,False,87120.0
Lies of P,2438,2438,1000,1000,2.438,2.438,70.0,70.0,80.0,4.43,188364,42,42,507.1428571428571,20.542857142857144,7.244897959183673,20.542857142857144,"Neowiz, Round8 Studio","Neowiz, Fireshine Games",False,304.5373321955783,0,False,False,35770.0
Let's Build a Zoo,5663,7552,1000,1400,5.663,5.394285714285714,90.0,99.0,110.0,3.55,25293,41,45,1415.667748917749,51.81111111111111,15.471391403209585,62.14141414141414,Springloaded,"No More Robots, Merge Games",False,1378.140842313469,0,False,False,880.0
LIMBO,2214,2214,1000,1000,2.214,2.214,7.0,7.0,8.0,4.06,179766,13,13,142.4857142857143,173.42857142857142,20.355102040816327,173.42857142857142,"Playdead, Double Eleven","Playdead, 505 Games",False,26.354598953806903,0,False,False,213.0
LEGO Star Wars: The Skywalker Saga,3189,3189,1000,1000,3.189,3.189,90.0,90.0,100.0,4.1,263687,45,45,921.6166666666668,24.322222222222223,10.240185185185187,24.322222222222223,Traveller's Tales,Warner Bros. Games,False,569.4843305043607,0,False,False,45140.0
Killer Instinct,11175,30989,1560,4935,7.163461538461538,6.2794326241134755,238.5,439.5,489.0,3.74,333116,150,464,8727.366666666665,40.314465408805034,53.642169131588936,59.281001137656425,"Iron Galaxy Studios, Double Helix",Xbox Game Studios,False,7694.660566275281,0,False,False,61740.0
Kameo: Elements of Power,3983,3983,1000,1000,3.983,3.983,22.5,43.25,48.5,3.1,154642,34,50,703.8,132.57777777777778,16.272832369942197,68.97109826589596,Rare,Xbox Game Studios,True,690.5356520997734,0,False,False,5420.0
Just Cause 4,4548,9764,1000,2500,4.548,3.9056,55.0,66.5,73.0,3.4,211848,41,61,1310.43,64.50909090909092,26.669122807017544,109.23308270676692,Avalanche Studios,Square Enix,False,563.4488583020697,0,False,False,56630.0
Jusant,2527,2527,1000,1000,2.527,2.527,7.0,7.0,8.0,3.94,69025,21,21,226.5444444444444,218.14285714285714,32.36349206349205,218.14285714285714,DON’T NOD,DON'T NOD,False,32.136446283184455,0,False,False,8900.0
Jurassic World Evolution 2,6761,7046,1050,1120,6.439047619047619,6.291071428571429,70.5,78.5,90.0,3.85,100408,51,54,1941.5,81.00709219858156,25.75796178343949,75.49044585987261,Frontier Developments,"Frontier Developments, Fireshine Games",False,1420.1343549029618,0,False,False,6890.0
Joy Ride Turbo,628,628,200,200,3.14,3.14,9.0,9.0,10.0,3.21,83287,12,12,214.9666666666667,47.55555555555556,23.88518518518519,47.55555555555556,BigPark,Xbox Game Studios,True,104.17016079473048,0,False,False,822.0
JoJo's Bizarre Adventure: All-Star Battle R,3975,3975,1000,1000,3.975,3.975,17.5,17.5,20.0,3.46,78980,45,45,1116.8384615384616,170.0,63.81934065934066,170.0,CyberConnect2,Bandai Namco Entertainment,False,158.50234619714624,0,False,False,5260.0
Jetpac Refuelled,991,991,200,200,4.955,4.955,11.0,11.0,12.0,2.82,67024,12,12,359.83333333333337,71.9090909090909,32.71212121212122,71.9090909090909,Rare,Xbox Game Studios,True,229.33198888401938,0,False,False,22.0
Iron Brigade,465,583,200,250,2.325,2.332,9.0,13.5,15.0,3.42,113630,20,23,221.66666666666669,29.444444444444443,19.54074074074074,24.666666666666668,Double Fine,Xbox Game Studios,True,107.23150259508628,0,False,False,1430.0
Insurgency: Sandstorm,3015,3015,1000,1000,3.015,3.015,17.5,17.5,20.0,3.49,122427,30,30,475.74529914529916,115.14285714285714,27.185445665445666,115.14285714285714,New World Interactive,"Focus Entertainment, Maximum Games",False,104.70344478573759,0,False,False,20730.0
Injustice 2,4267,4575,1045,1195,4.0832535885167465,3.8284518828451883,178.5,181.0,209.0,4.14,317890,64,74,1784.9523809523814,18.050420168067227,10.44356748224152,18.674033149171272,NetherRealm Studios,Warner Bros. Games,False,1565.6009485957,0,False,False,33200.0
Infinite Guitars,2985,2985,1000,1000,2.985,2.985,11.0,11.0,12.0,2.32,5278,33,33,542.5,180.45454545454547,49.31818181818182,180.45454545454547,Nikko Nikko,Humble Games,False,61.8867604096385,0,False,False,4280.0
Immortals Fenyx Rising,2022,4182,1000,1845,2.022,2.2666666666666666,45.0,72.0,80.0,4.16,135054,56,68,528.3111111111111,22.711111111111112,9.926879910213245,32.458333333333336,Ubisoft Quebec,Ubisoft,False,273.0055487158267,0,False,False,32950.0
INSIDE,1440,1440,1000,1000,1.44,1.44,3.5,3.5,4.0,4.2,166356,14,14,61.111111111111114,125.71428571428571,17.460317460317462,125.71428571428571,Playdead,"Playdead, 505 Games",False,6.912,0,False,False,2330.0
Hypnospace Outlaw,2323,2323,1000,1000,2.323,2.323,7.0,7.0,8.0,3.31,14043,14,14,116.51666666666667,189.0,16.645238095238096,189.0,"Tendershoot, ThatWhichIs Media, Michael Lasch",No More Robots,False,28.324601057878997,0,False,False,1020.0
Human Fall Flat,16539,16539,3400,3400,4.864411764705882,4.864411764705882,21.75,21.75,27.5,3.55,397961,115,115,3746.1666666666665,604.0919540229885,172.2375478927203,604.0919540229885,No Brakes Games,Curve Games,False,295.0381587450759,0,False,False,3890.0
House Flipper,3981,7417,1055,2055,3.7734597156398104,3.6092457420924573,18.0,37.75,43.5,3.68,159764,50,71,1118.833333333333,162.55555555555554,43.555849889624724,142.03973509933775,Frozen District,"Frozen District, Merge Games",False,298.27299576043123,0,False,False,3740.0
Hot Wheels Unleashed,4323,4636,1000,1135,4.323,4.084581497797357,22.5,23.25,26.5,3.53,203525,44,53,1104.0000000000002,147.6888888888889,52.5878136200717,150.58064516129033,Milestone,Milestone,False,218.75965136898785,0,False,False,31160.0
Homestead Arcana,4200,4200,1000,1000,4.2,4.2,22.5,22.5,25.0,3.01,9592,35,35,945.6999999999999,142.22222222222223,42.03111111111111,142.22222222222223,Serenity Forge,Skybound Games,False,215.18596608515156,0,False,False,6710.0
Hollow Knight: Voidheart Edition,3751,3751,1000,1000,3.751,3.751,70.0,70.0,80.0,4.5,124830,63,63,1150.5666666666666,39.3,16.436666666666667,39.3,Team Cherry,Team Cherry,False,581.1798964231299,0,False,False,7660.0
High On Life,2366,3080,1000,1195,2.366,2.577405857740586,22.5,28.0,31.0,4.03,324124,42,44,597.2222222222222,60.71111111111111,23.26984126984127,67.32142857142857,Squanch Games,Squanch Games,False,128.27319454979417,0,False,False,50000.0
Hi-Fi RUSH,9706,9706,1250,1250,7.7648,7.7648,79.0,79.0,90.0,4.47,159730,71,71,3456.8166666666666,107.0379746835443,43.75717299578059,107.0379746835443,Tango Gameworks,Bethesda Softworks,False,1947.322672791162,0,False,False,16050.0
Hello Neighbor 2,1796,1796,1000,1000,1.796,1.796,1.5,1.5,2.0,2.63,74628,14,14,104.95454545454545,530.6666666666666,69.96969696969697,530.6666666666666,"Eerie Guest, tinyBuild",tinyBuild,False,4.813816089548914,0,False,False,10810.0
Hellblade: Senua's Sacrifice,1612,1612,1000,1000,1.612,1.612,7.0,7.0,8.0,4.14,280216,14,14,82.5,87.42857142857143,11.785714285714286,87.42857142857143,"Ninja Theory, QLOC",Ninja Theory,False,16.37334991356381,0,False,False,15440.0
Headbangers: Rhythm Royale,13488,13488,1200,1200,11.24,11.24,43.75,43.75,47.5,3.46,44341,28,28,1955.3555555555554,280.86857142857144,44.693841269841265,280.86857142857144,Glee-Cheese Studio,Team17 Software,False,1789.9589717085698,0,False,False,1850.0
Hardspace: Shipbreaker,3833,3833,1560,1560,2.457051282051282,2.457051282051282,55.0,55.0,60.0,4.11,36610,27,27,332.1690476190476,41.32727272727273,6.039437229437229,41.32727272727273,"Blackbird Interactive, Anemone Hug Interactive",Focus Entertainment,False,231.0854394594889,0,False,False,3860.0
Halo: The Master Chief Collection,19296,25447,5090,7000,3.7909626719056972,3.6352857142857142,741.75,786.75,952.5,4.53,684574,510,700,12054.249999999998,19.152005392652512,20.111534795042893,23.447092469018113,"343 Industries, Bungie, Saber Interactive, Rockstar Dundee, Splash Damage",Xbox Game Studios,False,6601.958789048126,0,False,False,134220.0
Halo: Spartan Assault,3722,3722,1000,1000,3.722,3.722,22.5,22.5,25.0,3.25,188272,30,30,675.0333333333333,120.97777777777777,30.00148148148148,120.97777777777777,"Vanguard Games, 343 Industries",Xbox Game Studios,False,179.5165783569863,0,False,False,2470.0
Halo Wars: Definitive Edition,4972,4972,1500,1500,3.3146666666666667,3.3146666666666667,27.5,27.5,30.0,4.19,114063,75,75,1314.4142357642359,126.25454545454545,47.79688130051767,126.25454545454545,"Ensemble Studios, Behaviour Interactive, 343 Industries",Xbox Game Studios,False,181.04271175462065,0,False,False,9510.0
Halo Wars 2,3298,5260,1060,1750,3.111320754716981,3.005714285714286,71.5,98.0,114.0,4.03,189723,65,126,1085.7500000000002,31.3006993006993,21.846088435374153,35.816326530612244,"Creative Assembly, 343 Industries",Xbox Game Studios,False,594.0546429415563,0,False,False,43600.0
Halo Infinite,1284,5173,600,2020,2.14,2.5608910891089107,90.0,124.5,138.0,4.1,645821,111,144,1055.95,7.6,14.031726907630523,25.325301204819276,343 Industries,Xbox Game Studios,False,565.5431543936063,0,False,False,136690.0
Halo 5: Guardians,3270,3270,1250,1250,2.616,2.616,50.0,50.0,56.0,4.05,547003,73,73,1074.35,40.4,21.487,40.4,343 Industries,Xbox Game Studios,False,236.94341115518705,0,False,False,100970.0
HITMAN World of Assassination,3270,4782,1000,1540,3.27,3.105194805194805,27.5,29.5,33.0,4.53,163410,73,83,1564.8333333333333,82.54545454545455,57.40677966101695,109.89830508474576,IO Interactive,"IO Interactive, Square Enix, Limited Run Games",False,180.57067283298676,0,False,False,81650.0
Guilty Gear -Strive-,3948,3948,1000,1000,3.948,3.948,17.5,17.5,20.0,3.72,79617,38,38,987.6825396825396,168.45714285714286,56.43900226757369,168.45714285714286,Arc System Works,Arc System Works,False,156.89016207780523,0,False,False,24030.0
Grounded,11142,11142,3300,3300,3.3763636363636365,3.3763636363636365,1.5,1.5,3.0,3.97,240632,45,45,799.3499999999998,5228.0,532.8999999999999,5228.0,Obsidian Entertainment,Xbox Game Studios,False,18.612087092731112,0,False,False,10200.0
Grim Fandango Remastered,1983,1983,1000,1000,1.983,1.983,9.0,9.0,10.0,3.83,40579,48,48,424.7777777777778,109.22222222222223,47.19753086419754,109.22222222222223,"Double Fine, Shiny Shoe, Disney Interactive Studios",Xbox Game Studios,False,27.924414205135978,0,False,False,5140.0
Gotham Knights,4705,4705,1390,1390,3.384892086330935,3.384892086330935,59.0,59.0,66.0,3.51,133755,61,61,1222.3206349206348,56.186440677966104,20.71729889695991,56.186440677966104,WB Games Montréal,Warner Bros. Games,False,411.0183171871795,0,False,False,51940.0
Golf With Your Friends,4171,5982,1135,1585,3.6748898678414097,3.774132492113565,12.5,14.25,16.5,3.44,310061,42,54,1034.496732026144,242.88,96.83018002522647,308.56140350877195,Blacklight Interactive,Team17 Software,False,120.97890725859394,0,False,False,5720.0
GoldenEye 007,3203,3203,1000,1000,3.203,3.203,17.5,17.5,20.0,4.13,122720,55,55,1261.5,125.88571428571429,72.08571428571429,125.88571428571429,Code Mystics,Rare,False,114.64771507012252,0,False,False,311.0
Goat Simulator 3,3103,3103,1000,1000,3.103,3.103,17.5,17.5,20.0,4.05,109526,39,39,619.5583333333333,120.17142857142858,35.40333333333333,120.17142857142858,Coffee Stain North,Coffee Stain Studios,False,109.3207642252834,0,False,False,4520.0
Goat Simulator,2027,5940,1000,2375,2.027,2.5010526315789474,4.5,14.5,17.0,2.99,385588,70,85,1083.288888888889,228.22222222222223,93.61149425287358,245.86206896551724,Coffee Stain Studios,Double Eleven,False,67.24084584066107,0,False,False,1640.0
Go Mecha Ball,7395,7395,1000,1000,7.395,7.395,17.5,17.5,20.0,3.13,26009,29,29,1510.4952380952382,365.42857142857144,86.31401360544218,365.42857142857144,Whale Peak Games,Super Rare Games,False,402.19555187744174,0,False,False,6580.0
Ghostwire: Tokyo,4014,4014,1180,1180,3.4016949152542373,3.4016949152542373,70.0,70.0,80.0,3.98,120645,66,66,1323.916666666667,40.48571428571429,18.91309523809524,40.48571428571429,Tango Gameworks,Bethesda Softworks,False,501.91829752858047,0,False,False,25850.0
Ghostlore,5414,5414,1000,1000,5.414,5.414,55.0,55.0,60.0,3.06,15553,33,33,1363.833333333333,80.25454545454545,24.79696969696969,80.25454545454545,"Andrew Teo, Adam Teo",AT-AT Games,False,755.8378348550699,0,False,False,1070.0
Genesis Noir,1677,1677,1210,1210,1.3859504132231404,1.3859504132231404,3.75,3.75,4.5,2.75,28653,17,17,65.53571428571429,124.53333333333333,17.476190476190478,124.53333333333333,Feral Cat Den,Fellow Traveller,False,7.342332574804232,0,False,False,3700.0
Generation Zero,3590,4854,1000,1390,3.59,3.4920863309352517,55.0,66.5,73.0,3.27,134618,58,72,1466.1666666666667,47.09090909090909,26.1077694235589,52.090225563909776,Systemic Reaction,Systemic Reaction,False,476.3764873389562,0,False,False,56380.0
Gears of War: Ultimate Edition,3502,3502,1250,1250,2.8016,2.8016,175.0,175.0,200.0,4.35,348352,56,56,848.4333333333333,12.868571428571428,4.848190476190476,12.868571428571428,"The Coalition, Epic Games",Xbox Game Studios,False,937.8625380746585,0,False,False,44390.0
Gears of War: Judgment,2919,4447,1000,1500,2.919,2.9646666666666666,55.0,64.0,70.0,3.62,292452,56,70,726.1000000000001,34.89090909090909,15.385937500000002,46.046875,"Epic Games, People Can Fly",Xbox Game Studios,True,677.1447033082859,2,False,False,7040.0
Gears of War 3,3975,5670,1250,2000,3.18,2.835,1032.25,1000.0,1000.0,4.44,513164,73,82,800.8285714285714,2.6398643739404215,0.9019285714285714,3.67,Epic Games,Xbox Game Studios,True,9135.556679466776,2,False,False,7320.0
Gears of War 2,2018,3502,1060,1750,1.9037735849056603,2.0011428571428573,94.5,120.5,134.0,4.3,512931,58,79,399.28333333333336,10.137566137566138,4.897510373443982,14.53941908713693,Epic Games,Xbox Game Studios,True,795.0671396426158,1,False,False,6290.0
Gears of War,3236,3566,1100,1250,2.941818181818182,2.8528,186.0,189.5,216.0,4.13,514841,56,57,914.0666666666665,11.483870967741936,4.869305189094106,12.221635883905012,Epic Games,Xbox Game Studios,True,1989.0993796483435,0,False,False,6270.0
Gears Tactics,11221,11221,1400,1400,8.015,8.015,112.5,112.5,125.0,4.01,142172,61,61,2796.758333333333,87.29777777777778,24.860074074074074,87.29777777777778,"Splash Damage, The Coalition",Xbox Game Studios,False,2836.385803753498,0,False,False,29560.0
Gears 5,18011,18295,2410,2500,7.47344398340249,7.318,3385.0,1000.0,1000.0,4.1,489307,166,181,7222.928571428572,4.608862629246676,7.478928571428572,15.795,The Coalition,Xbox Game Studios,False,19796.50881928427,0,False,False,126870.0
Gang Beasts,1938,1938,1000,1000,1.938,1.938,1.5,1.5,2.0,2.93,333461,19,19,158.99999999999997,625.3333333333334,105.99999999999999,625.3333333333334,"Boneloaf, Coatsink","Double Fine, Boneloaf",False,5.395859772825828,0,False,False,1990.0
GRIS,2070,2070,1000,1000,2.07,2.07,7.0,7.0,8.0,3.95,27425,17,17,175.1439393939394,152.85714285714286,25.020562770562773,152.85714285714286,Nomada Studio,Devolver Digital,False,23.82569100781759,0,False,False,6910.0
Full Throttle Remastered,1270,1270,1000,1000,1.27,1.27,2.5,2.5,3.0,3.56,54574,40,40,94.36666666666667,108.0,37.74666666666667,108.0,"Double Fine, Shiny Shoe, Disney Interactive Studios",Xbox Game Studios,False,4.29365194211175,0,False,False,5250.0
Fuga: Melodies of Steel 2,2734,2734,1000,1000,2.734,2.734,27.5,27.5,30.0,3.82,9673,41,41,580.7833333333333,63.054545454545455,21.119393939393937,63.054545454545455,CyberConnect2,CyberConnect2,False,135.61852607074007,0,False,False,4200.0
Frostpunk: Console Edition,6520,8170,1000,1390,6.52,5.877697841726619,175.0,197.5,225.0,4.38,18190,50,63,1836.5555555555557,31.542857142857144,11.19606188466948,34.32911392405063,11 bit studios,11 bit studios,False,3206.2206176726604,0,False,False,3500.0
From Space,6169,7501,1230,1555,5.015447154471545,4.823794212218649,32.5,34.0,37.0,3.2,38134,39,41,1343.4587301587305,151.96923076923076,41.22231559290384,174.88235294117646,Triangle Studios,Curve Games,False,391.99893058163883,0,False,False,3210.0
Frog Detective: The Entire Mystery,1404,1404,1000,1000,1.404,1.404,2.5,2.5,3.0,3.09,38935,18,18,70.0,161.6,28.0,161.6,Worm Club,Worm Club,False,4.990820110562992,0,False,False,1010.0
Forza Motorsport,3640,3640,1000,1000,3.64,3.64,135.0,135.0,150.0,3.9,220390,57,57,1165.8,19.555555555555557,8.635555555555555,19.555555555555557,Turn 10 Studios,Xbox Game Studios,False,1041.7016079473049,0,False,False,137580.0
Forza Horizon 5,4900,7375,1525,2500,3.2131147540983607,2.95,102.25,122.25,136.5,4.52,620411,105,137,2028.7333333333336,33.007334963325185,20.73510565780505,39.877300613496935,Playground Games,Xbox Game Studios,False,691.6170248726893,0,False,False,143740.0
Forza Horizon 4,8368,11086,2560,3610,3.26875,3.0709141274238227,117.5,142.25,162.5,4.58,613578,143,178,2785.057142857143,49.42978723404255,23.407548748849273,52.55536028119508,"Playground Games, Panic Button",Xbox Game Studios,False,874.4900528730019,0,False,False,79410.0
Forager,2157,2157,1000,1000,2.157,2.157,45.0,45.0,50.0,4.04,49842,23,23,201.3,25.711111111111112,4.473333333333334,25.711111111111112,HopFrog,Humble Games,False,158.39636906349844,0,False,False,285.0
For Honor,3438,3569,1150,1190,2.9895652173913043,2.999159663865546,107.5,109.0,122.0,3.45,271261,58,60,901.1333333333334,21.28372093023256,8.582262996941898,21.825688073394495,Ubisoft Montreal,Ubisoft,False,633.6642568304618,0,False,False,87750.0
Football Manager 2024 Console,2300,2300,1000,1000,2.3,2.3,17.5,17.5,20.0,3.7,19294,41,41,396.41818181818184,74.28571428571429,22.652467532467533,74.28571428571429,Sports Interactive,SEGA,False,69.76245408527426,0,False,False,4540.0
Football Manager 2024 (Windows),3825,3825,1000,1000,3.825,3.825,70.0,70.0,80.0,4.36,10307,100,100,2046.3666666666666,40.357142857142854,29.233809523809523,40.357142857142854,Sports Interactive,SEGA,False,598.4627807976032,0,False,False,5090.0
Firewatch,1278,1278,1000,1000,1.278,1.278,4.5,4.5,5.0,3.96,124885,10,10,27.8,61.77777777777778,6.177777777777778,61.77777777777778,Campo Santo,Campo Santo,False,7.223809507455191,0,False,False,3220.0
Figment: Journey Into the Mind,1978,1978,1000,1000,1.978,1.978,7.0,7.0,8.0,3.49,14787,23,23,214.86666666666667,139.71428571428572,30.695238095238096,139.71428571428572,Bedtime Digital Games,Bedtime Digital Games,False,22.2550932266751,0,False,False,1220.0
Figment 2: Creed Valley,1719,1719,1000,1000,1.719,1.719,7.0,7.0,8.0,3.87,11593,18,18,112.55833333333334,102.71428571428571,16.079761904761906,102.71428571428571,Bedtime Digital Games,Bedtime Digital Games,False,18.03033525412104,0,False,False,1910.0
Farworld Pioneers,2403,2403,1000,1000,2.403,2.403,7.0,7.0,8.0,2.23,7265,10,10,123.48333333333332,200.42857142857142,17.64047619047619,200.42857142857142,Igloosoft,tinyBuild,False,29.800300483854187,0,False,False,1610.0
F1 Manager 2023,2824,2824,1000,1000,2.824,2.824,22.5,22.5,25.0,3.68,18138,29,29,385.0333333333333,81.06666666666666,17.11259259259259,81.06666666666666,Frontier Developments,Frontier Developments,False,118.64161428436482,0,False,False,43210.0
F.I.S.T.: Forged in Shadow Torch,3424,3424,1000,1000,3.424,3.424,17.5,17.5,20.0,3.84,46503,43,43,969.2307692307692,138.5142857142857,55.38461538461538,138.5142857142857,TiGames,bilibili,False,126.71575912095543,0,False,False,20000.0
Exoprimal,2884,2884,1000,1000,2.884,2.884,90.0,90.0,100.0,3.57,109361,39,39,581.0761904761904,20.933333333333334,6.456402116402115,20.933333333333334,Capcom Entertainment,Capcom Entertainment,False,489.77079439264236,0,False,False,56940.0
Evil West,3401,3401,1000,1000,3.401,3.401,22.5,22.5,25.0,3.72,66818,29,29,545.8619047619048,106.71111111111111,24.260529100529105,106.71111111111111,Flying Wild Hog,Focus Entertainment,False,156.80140744146718,0,False,False,33470.0
Escape Academy,7481,7481,1500,1500,4.987333333333333,4.987333333333333,8.5,8.5,10.0,3.57,99400,40,40,1503.5,703.6470588235294,176.88235294117646,703.6470588235294,Coin Crew Games,"Skybound Games, iam8bit",False,111.37881514649467,0,False,False,2820.0
Eiyuden Chronicle: Rising,1847,1847,1000,1000,1.847,1.847,22.5,22.5,25.0,3.86,41540,50,50,379.93333333333334,37.644444444444446,16.885925925925925,37.644444444444446,Rabbit & Bear Studios,505 Games,False,62.75384661018797,0,False,False,4380.0
Eiyuden Chronicle: Hundred Heroes,4761,4761,1000,1000,4.761,4.761,110.0,110.0,120.0,4.03,11814,56,56,1697.2166666666667,34.19090909090909,15.429242424242425,34.19090909090909,Rabbit & Bear Studios,505 Games,False,1246.604006237105,0,False,False,26130.0
Eastern Exorcist,3647,3647,1000,1000,3.647,3.647,17.5,17.5,20.0,3.22,17952,38,38,778.9172932330827,151.25714285714287,44.509559613319006,151.25714285714287,Wildfire Games,bilibili,False,139.29439475154769,0,False,False,6580.0
EVERSPACE 2,5552,5552,1000,1000,5.552,5.552,70.0,70.0,80.0,4.06,23551,38,38,1304.1166666666668,65.02857142857142,18.6302380952381,65.02857142857142,Rockfish Games,"Rockfish Games, Maximum Games",False,1046.5600997034044,0,False,False,33070.0
Dungeons 4,3375,3375,1000,1000,3.375,3.375,45.0,45.0,50.0,3.82,22972,61,61,1401.0,52.77777777777778,31.133333333333333,52.77777777777778,Realmforge Studios,Kalypso Media,False,310.013545570996,0,False,False,14530.0
Dune: Spice Wars,5727,5727,1000,1000,5.727,5.727,22.5,22.5,25.0,3.34,15907,26,26,940.3333333333333,210.0888888888889,41.79259259259259,210.0888888888889,Shiro Games,"Funcom, Shiro Games",False,342.6342579768915,0,False,False,5260.0
Dordogne,1808,1808,1000,1000,1.808,1.808,3.5,3.5,4.0,3.48,20501,31,31,196.51111111111118,230.85714285714286,56.14603174603177,230.85714285714286,"UMANIMATION, Un Je Ne Sais Quoi",Focus Entertainment,False,9.724283921811416,0,False,False,3510.0
Disneyland Adventures,4415,4415,1000,1000,4.415,4.415,45.0,45.0,50.0,3.26,162590,49,49,1496.2047619047617,75.88888888888889,33.2489947089947,75.88888888888889,Asobo Studio,Xbox Game Studios,False,463.8377231721241,0,False,False,23400.0
Disney Dreamlight Valley,2284,2284,1000,1000,2.284,2.284,250.0,250.0,300.0,3.83,36953,15,15,200.03333333333333,5.136,0.8001333333333334,5.136,Gameloft,Gameloft,False,1035.5364828725253,0,False,False,11300.0
Dishonored: Death of the Outsider,2139,2139,1000,1000,2.139,2.139,17.5,17.5,20.0,4.12,45538,30,30,301.6333333333333,65.08571428571429,17.236190476190476,65.08571428571429,Arkane Studios,Bethesda Softworks,False,62.567121138821776,0,False,False,28470.0
Dishonored Definitive Edition,6060,6060,1640,1640,3.6951219512195124,3.6951219512195124,70.0,70.0,80.0,4.32,113604,80,80,1985.0357142857144,63.142857142857146,28.357653061224493,63.142857142857146,Arkane Studios,Bethesda Softworks,False,568.2417657244445,0,False,False,33470.0
Dishonored 2,3040,3040,1000,1000,3.04,3.04,45.0,45.0,50.0,4.28,185876,50,50,906.8666666666667,45.333333333333336,20.152592592592594,45.333333333333336,Arkane Studios,Bethesda Softworks,False,265.02105576727297,0,False,False,54720.0
Dicey Dungeons,3288,3288,1000,1000,3.288,3.288,45.0,45.0,50.0,3.66,34106,53,53,1019.409356725146,50.84444444444444,22.6535412605588,50.84444444444444,"Terry Cavanagh, Distractionware",Distractionware,False,298.10394106754103,0,False,False,871.0
Diablo IV,2487,2487,1000,1000,2.487,2.487,250.0,250.0,300.0,4.17,187171,25,25,245.07272727272726,5.948,0.9802909090909091,5.948,Blizzard Entertainment,Blizzard Entertainment,False,1176.616495409613,0,False,False,108550.0
Descenders,15067,15067,1500,1500,10.044666666666666,10.044666666666666,112.5,112.5,125.0,3.36,175123,40,40,2145.4950000000003,120.59555555555555,19.07106666666667,120.59555555555555,RageSquid,"No More Robots, Fireshine Games",False,3979.360702519266,0,False,False,13110.0
Deep Rock Galactic,4556,4556,1000,1000,4.556,4.556,400.0,400.0,500.0,4.05,157240,67,67,2359.600000000001,8.89,5.899000000000002,8.89,Ghost Ship Games,Coffee Stain Studios,False,4862.342841059236,0,False,False,3380.0
Death's Door,1646,1646,1000,1000,1.646,1.646,17.5,17.5,20.0,4.38,36969,24,24,124.80000000000001,36.91428571428571,7.131428571428572,36.91428571428571,Acid Nerve,Devolver Digital,False,42.235218176303995,0,False,False,2980.0
Dead Island 2,2101,2853,1000,1300,2.101,2.1946153846153846,27.5,32.5,36.0,4.12,182465,46,57,380.69999999999993,40.03636363636364,16.995897435897433,47.784615384615385,Deep Silver Dambuster Studios,"Deep Silver, PLAION",False,117.04156757286886,0,False,False,62650.0
Dead Cells,7332,12783,1370,2430,5.351824817518248,5.260493827160494,39.75,58.25,65.5,4.25,157203,77,115,2153.0880952380953,149.98742138364778,60.216922133660326,177.73390557939913,Motion Twin,Motion Twin,False,790.2801488462042,0,False,False,989.0
DayZ,3514,3514,1000,1000,3.514,3.514,1.5,1.5,2.0,2.55,216687,13,13,303.43333333333334,1676.0,202.2888888888889,1676.0,Bohemia Interactive,Bohemia Interactive,False,13.174454181331383,0,False,False,11710.0
Day of the Tentacle Remastered,1410,1410,1000,1000,1.41,1.41,2.5,2.5,3.0,3.68,49317,58,58,219.08888888888885,164.0,87.63555555555554,164.0,"Double Fine, Shiny Shoe, Disney Interactive Studios",Xbox Game Studios,False,5.022846702817039,0,False,False,2670.0
Darkest Dungeon,6207,7595,1000,1305,6.207,5.819923371647509,135.0,159.5,178.0,4.0,64011,56,62,2115.358974358974,38.57037037037037,14.295635399083672,39.43573667711599,Red Hook Studios,Red Hook Studios,False,2499.170593477004,0,False,False,2850.0
DOOM II (Classic),3833,3833,1000,1000,3.833,3.833,45.0,45.0,50.0,4.19,44667,19,19,439.5,62.955555555555556,9.766666666666667,62.955555555555556,"Nerve Software, id Software",Bethesda Softworks,False,375.2133077897158,0,False,False,557.0
DOOM Eternal,2541,3965,1045,1545,2.431578947368421,2.5663430420711975,29.0,38.0,42.0,4.41,241420,42,50,745.8062189054726,51.58620689655172,22.29168412324343,63.68421052631579,id Software,Bethesda Softworks,False,172.67177453261024,0,False,False,90170.0
DOOM 64,1477,1477,1000,1000,1.477,1.477,1.5,1.5,2.0,3.54,98594,10,10,43.733333333333334,318.0,29.155555555555555,318.0,"Nightdive Studios, Midway, id Software",Bethesda Softworks,False,3.5900519957237393,0,False,False,280.0
DOOM 3,3231,3231,1000,1000,3.231,3.231,27.5,27.5,30.0,3.94,18857,44,44,646.8888888888888,81.12727272727273,23.52323232323232,81.12727272727273,"Panic Button, id Software",Bethesda Softworks,False,174.23150648461947,0,False,False,7480.0
DOOM (1993),3474,3474,1000,1000,3.474,3.474,11.0,11.0,12.0,4.28,90352,19,19,418.49999999999994,224.9090909090909,38.04545454545454,224.9090909090909,"Nerve Software, id Software",Bethesda Softworks,False,77.70088532993688,0,False,False,559.0
DOOM,5045,5045,1580,1580,3.1930379746835444,3.1930379746835444,33.0,33.0,38.0,4.4,312941,54,54,1265.2238095238097,105.0,38.34011544011545,105.0,id Software,Bethesda Softworks,False,216.81519828010764,0,False,False,61210.0
DIRT 5,2635,4836,1000,1800,2.635,2.6866666666666665,22.5,32.5,37.0,3.33,127280,25,40,340.26666666666665,72.66666666666667,18.22051282051282,93.41538461538461,Codemasters,Codemasters,False,162.93800880998563,0,False,False,63880.0
DEATHLOOP,3703,3703,1000,1000,3.703,3.703,27.5,27.5,30.0,3.92,183118,58,58,1592.333333333333,98.2909090909091,57.90303030303029,98.2909090909091,Arkane Lyon,Bethesda Softworks,False,213.77249339964203,0,False,False,39100.0
Cricket 22,3255,3255,1000,1000,3.255,3.255,17.5,17.5,20.0,3.21,19123,30,30,547.7083333333334,128.85714285714286,31.29761904761905,128.85714285714286,Big Ant Studios,Nacon,False,117.45093677787332,0,False,False,28910.0
Crackdown 3: Wrecking Zone,1202,1202,500,500,2.404,2.404,7.0,7.0,8.0,2.16,20734,12,12,163.91825396825396,100.28571428571429,23.41689342403628,100.28571428571429,Sumo Digital,Xbox Game Studios,False,29.81890435438566,0,False,False,5540.0
Crackdown 3: Campaign,6564,6564,1750,1750,3.750857142857143,3.750857142857143,29.75,29.75,33.0,3.53,209109,95,95,1719.7404761904766,161.81512605042016,57.80640256102442,161.81512605042016,Sumo Digital,Xbox Game Studios,False,239.72301181668252,0,False,False,19020.0
Costume Quest 2,1408,1408,1000,1000,1.408,1.408,9.0,9.0,10.0,3.67,60465,18,18,70.1,45.333333333333336,7.788888888888888,45.333333333333336,Double Fine,Midnight City,False,16.707211951729107,0,False,False,1110.0
Costume Quest,248,312,200,250,1.24,1.248,7.0,8.5,10.0,4.09,36919,17,20,38.666666666666664,6.857142857142857,5.411764705882353,7.294117647058823,Double Fine,Xbox Game Studios,True,34.66597356486617,0,False,False,408.0
Cooking Simulator,3387,40146,1000,2350,3.387,17.08340425531915,9.0,9.0,10.0,2.53,79505,65,76,7593.516666666666,265.22222222222223,1012.5259259259258,4199.555555555556,Big Cheese Studio,Big Cheese Studio,False,706.0925462929259,4,False,False,6210.0
Control: Ultimate Edition,2654,2654,1390,1390,1.9093525179856115,1.9093525179856115,27.5,27.5,30.0,4.36,71513,67,67,604.9145299145298,45.96363636363636,21.996891996891993,45.96363636363636,Remedy Entertainment,505 Games,False,79.14991123223705,0,False,False,43590.0
Control,1833,2719,1000,1390,1.833,1.9561151079136692,22.5,35.0,39.0,4.21,196359,61,67,540.5299145299145,37.022222222222226,17.548473748473747,37.97142857142857,Remedy Entertainment,505 Games,False,106.6979850517892,0,False,False,42070.0
Contrast,1565,1565,1000,1000,1.565,1.565,3.5,3.5,4.0,3.46,67305,22,22,105.48333333333333,161.42857142857142,30.13809523809524,161.42857142857142,Compulsion Games,Xbox Game Studios,False,7.831257498001198,0,False,False,1940.0
Conan Exiles,3125,3737,1260,1460,2.4801587301587302,2.5595890410958906,1.75,4.5,6.0,2.81,99585,34,36,389.50000000000006,1065.7142857142858,92.03703703703705,506.0,Funcom,"Funcom, Maximum Games",False,24.57008242928483,0,False,False,149500.0
Coffee Talk Episode 2: Hibiscus and Butterfly,1955,1955,1000,1000,1.955,1.955,9.0,9.0,10.0,3.54,27466,53,53,448.9333333333333,106.11111111111111,49.88148148148147,106.11111111111111,Toge Productions,Chorus Worldwide Games,False,27.3350669927842,0,False,False,747.0
Cocoon,1471,1471,1000,1000,1.471,1.471,4.5,4.5,5.0,4.19,58369,17,17,78.31438561438561,104.66666666666667,17.403196803196803,104.66666666666667,Geometric Interactive,Annapurna Interactive,False,8.920496217980254,0,False,False,2900.0
Close to the Sun,2068,2068,1000,1000,2.068,2.068,3.5,3.5,4.0,3.36,17906,29,29,225.86666666666667,305.14285714285717,64.53333333333333,305.14285714285717,Storm in a Teacup,Wired Productions,False,11.895584681384939,0,False,False,11230.0
Citizen Sleeper,1979,1979,1000,1000,1.979,1.979,9.0,9.0,10.0,4.05,14382,27,27,196.7380952380952,108.77777777777777,21.859788359788357,108.77777777777777,Jump Over The Age,Fellow Traveller,False,27.83996540766529,0,False,False,1140.0
Cities: Skylines - Remastered,5692,12906,1085,2710,5.2460829493087555,4.762361623616236,175.0,175.0,200.0,4.23,35420,67,122,2216.775,26.325714285714287,21.374523809523808,58.26285714285714,Tantalus Media,Paradox Interactive,False,2078.5647146651277,0,False,False,16940.0
Cities: Skylines,5651,13181,1085,2710,5.208294930875576,4.863837638376384,179.0,329.0,374.0,3.87,173880,64,122,2063.4333333333334,25.508379888268156,11.808966565349547,31.826747720364743,Tantalus Media,Paradox Interactive,False,4011.8086084575175,0,False,False,6910.0
Chivalry 2,3511,3511,1000,1000,3.511,3.511,45.0,45.0,50.0,3.8,147079,41,41,904.9666666666667,55.8,20.110370370370372,55.8,Torn Banner Studios,"Tripwire Interactive, Deep Silver",False,328.93966707817407,0,False,False,24970.0
Chicory: A Colorful Tale,3277,3277,1000,1000,3.277,3.277,17.5,17.5,20.0,3.71,25314,33,33,642.9976190476191,130.11428571428573,36.742721088435374,130.11428571428573,"Greg Lobanov, Alexis Dean-Jones, Lena Raine, A Shell in the Pit",Finji,False,118.64369335619995,0,False,False,1700.0
Celeste,2363,2363,1000,1000,2.363,2.363,9.0,9.0,10.0,4.1,104565,30,30,370.5666666666666,151.44444444444446,41.17407407407407,151.44444444444446,"Sickhead Games, Maddy Makes Games",Maddy Makes Games,False,36.32416020639707,0,False,False,1130.0
Cassette Beasts,3680,3680,1000,1000,3.68,3.68,45.0,45.0,50.0,3.88,37994,100,100,2272.8999999999996,59.55555555555556,50.50888888888888,59.55555555555556,Bytten Studio,Raw Fury,False,352.97320011581616,0,False,False,1060.0
Car Mechanic Simulator 2021,3301,3301,1000,1000,3.301,3.301,90.0,90.0,100.0,3.9,51374,46,46,899.5151515151515,25.566666666666666,9.994612794612795,25.566666666666666,Red Dot Games,PlayWay,False,599.7472792852003,0,False,False,23600.0
Call of the Wild: The Angler,5756,8585,1000,1600,5.756,5.365625,135.0,135.0,150.0,3.52,52589,34,45,1351.7999999999997,35.22962962962963,12.865432098765432,51.74074074074074,Expansive Worlds,Expansive Worlds,False,1864.3254763003804,0,False,False,22120.0
Brütal Legend,2930,3154,1000,1090,2.93,2.8935779816513763,45.0,46.5,52.0,3.74,142390,51,59,870.5000000000001,42.888888888888886,21.301075268817208,44.38709677419355,Double Fine,"Electronic Arts, Double Fine",True,487.6198232915764,0,False,False,5910.0
Brotato,2331,2331,1000,1000,2.331,2.331,22.5,22.5,25.0,3.79,91617,83,83,887.7333333333336,59.15555555555556,39.454814814814824,59.15555555555556,Blobfish,Seaven Studio,False,88.9720134754463,0,False,False,553.0
Broken Age,3464,3464,1000,1000,3.464,3.464,9.0,9.0,10.0,3.31,34781,45,45,921.9454545454546,273.77777777777777,102.43838383838384,273.77777777777777,"Double Fine, BlitWorks",Double Fine,False,64.47135902398831,0,False,False,2340.0
Broforce,4037,4037,1000,1000,4.037,4.037,3.5,3.5,4.0,3.63,51466,15,15,394.2,867.7142857142857,112.62857142857142,867.7142857142857,Free Lives,Devolver Digital,False,32.4450251725592,1,False,False,745.0
Bramble: The Mountain King,1821,1821,1000,1000,1.821,1.821,9.0,9.0,10.0,3.95,51054,30,30,306.2222222222223,91.22222222222223,34.0246913580247,91.22222222222223,Dimfrost Studio,Merge Games,False,24.573381250857604,0,False,False,7760.0
Botany Manor,1391,1391,1000,1000,1.391,1.391,1.5,1.5,2.0,3.84,27772,36,36,131.63333333333333,260.6666666666667,87.75555555555555,260.6666666666667,Balloon Studios,Whitethorn Games,False,3.281109245971551,0,False,False,3870.0
Bluey: The Videogame,1625,1625,1000,1000,1.625,1.625,2.5,2.5,3.0,3.0,54056,22,22,108.88888888888889,250.0,43.55555555555556,250.0,Artax Games,Outright Games,False,6.214430032191206,0,False,False,4730.0
Bloodstained: Ritual of the Night,2479,10918,1000,1500,2.479,7.278666666666667,45.0,45.0,50.0,4.19,89576,52,57,1746.6976190476191,32.86666666666667,57.04142857142858,209.2888888888889,"ArtPlay, Black Tower Studios",505 Games,False,981.8558922065606,0,False,False,8850.0
Bleeding Edge,2245,2245,1000,1000,2.245,2.245,9.0,9.0,10.0,2.88,85394,10,10,93.70238095238096,138.33333333333334,10.411375661375663,138.33333333333334,Ninja Theory,Xbox Game Studios,False,33.63756252316746,0,False,False,20210.0
BlazBlue: Cross Tag Battle Special Edition,3643,3643,1000,1000,3.643,3.643,7.0,7.0,8.0,3.64,24863,42,42,901.0904761904762,377.57142857142856,128.72721088435375,377.57142857142856,Arc System Works,Arc System Works,False,55.62611686292689,0,False,False,12900.0
Besiege,2581,2581,1000,1000,2.581,2.581,3.5,3.5,4.0,3.06,41543,29,29,428.1285714285715,451.7142857142857,122.32244897959185,451.7142857142857,Spiderling Studios,Spiderling Studios,False,16.586012873985116,0,False,False,1420.0
Ben 10: Power Trip,3412,3412,1000,1000,3.412,3.412,17.5,17.5,20.0,2.6,76433,28,28,674.2333333333332,137.82857142857142,38.52761904761904,137.82857142857142,"PHL Collective, Stage Clear Studios",Outright Games,False,126.05019718826306,0,False,False,1950.0
Battletoads,4035,4035,1000,1000,4.035,4.035,17.5,17.5,20.0,3.58,160907,61,61,1474.1333333333332,173.42857142857142,84.23619047619047,173.42857142857142,Dlala Studios,"Xbox Game Studios, Rare",False,162.10458707266739,0,False,False,19300.0
Batman: Arkham Knight,2770,4693,1140,2000,2.4298245614035086,2.3465,47.5,71.75,83.0,4.47,419751,79,113,1052.7333333333333,34.31578947368421,19.994425087108013,37.53310104529617,Rocksteady Studios,Warner Bros. Games,False,298.3382447066527,0,False,False,47150.0
Banjo-Tooie,329,329,200,200,1.645,1.645,17.5,17.5,20.0,4.11,61460,12,12,85.0,7.371428571428571,4.857142857142857,7.371428571428571,"4J Studios, Rare",Xbox Game Studios,True,94.24584214966727,0,False,False,94.0
Banjo-Kazooie: Nuts & Bolts,2930,3967,1000,1250,2.93,3.1736,32.5,38.0,41.0,3.31,148125,52,60,876.5666666666667,59.38461538461539,28.902192982456146,71.5,Rare,Xbox Game Studios,True,433.0249451403744,0,False,False,6160.0
Banjo-Kazooie,372,372,200,200,1.86,1.86,13.5,13.5,15.0,4.23,147631,12,12,91.86666666666667,12.74074074074074,6.8049382716049385,12.74074074074074,"4J Studios, Rare",Xbox Game Studios,True,81.57376784236465,0,False,False,48.0
Atomic Heart,5009,5615,1000,1150,5.009,4.8826086956521735,45.0,45.0,50.0,3.67,250692,43,51,1176.9809523809527,89.08888888888889,31.162539682539688,99.22222222222223,Mundfish,Focus Entertainment,False,539.4458851739901,0,False,False,79460.0
Astroneer,3990,3990,1075,1075,3.7116279069767444,3.7116279069767444,72.5,72.5,83.0,3.57,192115,56,56,1199.1692307692306,40.206896551724135,16.540265251989386,40.206896551724135,System Era Softworks,System Era Softworks,False,593.5054885531893,0,False,False,1450.0
Assassin's Creed Valhalla,4455,6009,1400,2110,3.182142857142857,2.847867298578199,136.75,180.75,200.5,4.17,317625,81,92,1374.8833333333332,22.340036563071298,8.209589672660211,21.571230982019365,Ubisoft Montreal,Ubisoft,False,963.5938067715543,0,False,False,120180.0
Assassin's Creed Origins,1671,2463,1030,1500,1.6223300970873786,1.642,71.5,86.0,98.0,4.51,336900,55,67,340.90000000000003,8.965034965034965,4.946317829457365,11.19767441860465,Ubisoft Montreal,Ubisoft,False,206.19864395759734,0,False,False,49010.0
Assassin's Creed Odyssey,1910,3080,1150,1850,1.6608695652173913,1.664864864864865,98.75,127.75,145.0,4.47,368852,70,93,468.8666666666667,7.69620253164557,4.844618395303327,9.628180039138943,Ubisoft Quebec,Ubisoft,False,311.48453161677077,0,False,False,48720.0
As Dusk Falls,1694,1694,1000,1000,1.694,1.694,13.5,13.5,15.0,3.99,88372,50,50,378.1666666666667,51.407407407407405,28.01234567901235,51.407407407407405,Interior/Night,Xbox Game Studios,False,33.07206920348347,0,False,False,69830.0
Arcade Paradise,3811,3811,1000,1000,3.811,3.811,45.0,45.0,50.0,3.73,72068,54,54,1485.7777777777776,62.46666666666667,33.01728395061728,62.46666666666667,NoseBleed Interactive,Wired Productions,False,371.9875694529321,0,False,False,4890.0
Anuchard,2377,2377,1000,1000,2.377,2.377,9.0,9.0,10.0,3.07,4914,18,18,242.5,153.0,26.944444444444443,153.0,stellarNull,Freedom Games,False,36.64745097957018,0,False,False,1310.0
Among Us,3709,3709,1180,1180,3.143220338983051,3.143220338983051,11.5,11.5,13.0,3.64,251335,33,33,693.9444444444445,219.91304347826087,60.34299516908213,219.91304347826087,Innersloth,"Innersloth, Maximum Games",False,72.44452869129147,0,False,False,979.0
Amnesia: The Bunker,3691,3691,1040,1040,3.5490384615384616,3.5490384615384616,9.25,9.25,10.5,3.86,36117,44,44,1029.0,286.5945945945946,111.24324324324324,286.5945945945946,Frictional Games,Frictional Games,False,70.20294933759955,0,False,False,16900.0
Airborne Kingdom,3228,3228,1200,1200,2.69,2.69,19.0,19.0,22.0,3.98,4871,30,30,356.70000000000005,106.73684210526316,18.77368421052632,106.73684210526316,The Wandering Band,Freedom Games,False,97.06241680485809,0,False,False,1390.0
Age of Empires IV: Anniversary Edition,10262,12780,1310,1580,7.8335877862595416,8.08860759493671,107.5,114.5,128.0,4.2,106789,109,130,6272.6,83.27441860465116,69.68296943231442,97.81659388646288,"Relic Entertainment, World's Edge",Xbox Game Studios,False,2944.5614358689522,0,False,False,84000.0
Age of Empires II: Definitive Edition,10390,16712,1445,2625,7.190311418685121,6.366476190476191,223.0,349.5,397.0,4.44,143271,155,275,7817.5,40.11210762331839,36.3171196948021,40.306151645207436,"Forgotten Empires, Tantalus Media, Wicked Witch Software, Ensemble Studios, World's Edge",Xbox Game Studios,False,6377.334333752893,0,False,False,35700.0
ARK: Survival Ascended,2716,2716,1000,1000,2.716,2.716,1.5,1.5,2.0,2.92,28167,31,31,444.7190476190476,1144.0,296.4793650793651,1144.0,Studio Wildcard,Studio Wildcard,False,8.952094212194151,0,False,False,81090.0
A Short Hike,1478,1478,1000,1000,1.478,1.478,4.5,4.5,5.0,3.83,25561,12,12,53.5,106.22222222222223,11.88888888888889,106.22222222222223,Adam Robinson-Yu,Whippoorwill,False,8.984246423601704,0,False,False,694.0
A Plague Tale: Requiem,2132,2132,1000,1000,2.132,2.132,22.5,22.5,25.0,4.41,148099,35,35,316.73333333333323,50.31111111111111,14.077037037037032,50.31111111111111,Asobo Studio,Focus Entertainment,False,77.82530102736513,0,False,False,53550.0
A Little to the Left,2460,2916,1000,1200,2.46,2.43,9.0,10.5,12.0,3.53,48560,52,55,638.2500000000001,162.22222222222223,64.36666666666667,163.42857142857142,Max Inferno,Secret Mode,False,45.45594139383762,0,False,False,2430.0
