Name Base TAD,Base TA,Base GS,Base TAD Completion Time,Base TAD Rate,Name Overall TAD,Overall TA,Overall GS,Overall TAD Completion Time,Overall TAD Rate,Name Base SSD,Base SSD,Base SSD Completion Time,Base SSD Rate,Name Overall SSD,Overall SSD,Overall SSD Completion Time,Overall SSD Rate
Stranded Deep,4736,1000,0.25,14944.0,Stranded Deep,4736,1000,0.25,14944.0,Stranded Deep,1183.6666666666667,0.25,4734.666666666667,Stranded Deep,1183.6666666666667,0.25,4734.666666666667
Grand Theft Auto V,7685,1750,1.0,5935.0,Grand Theft Auto V,7685,1750,1.0,5935.0,Grand Theft Auto V,1969.275,1.0,1969.275,Grand Theft Auto V,1969.275,1.0,1969.275
DayZ,3497,1000,1.5,1664.6666666666667,Cooking Simulator,38076,2350,9.0,3969.5555555555557,Quake,1143.612403100775,2.5,457.44496124031,Cooking Simulator,8587.699999999999,9.0,954.1888888888888
SIGNALIS,2213,1000,0.75,1617.3333333333333,DayZ,3497,1000,1.5,1664.6666666666667,Totally Accurate Battle Simulator,1834.5666666666664,7.0,262.08095238095234,Quake,1143.612403100775,2.5,457.44496124031
Quake,4646,1000,2.5,1458.4,SIGNALIS,2213,1000,0.75,1617.3333333333333,DayZ,300.23333333333335,1.5,200.15555555555557,Totally Accurate Battle Simulator,1834.5666666666664,7.0,262.08095238095234
Conan Exiles,3123,1260,1.75,1064.5714285714287,Quake,4646,1000,2.5,1458.4,The Bard's Tale ARPG : Remastered and Resnarkled,442.16666666666663,2.5,176.86666666666665,DayZ,300.23333333333335,1.5,200.15555555555557
Broforce,4161,1000,3.5,903.1428571428571,Broforce,4161,1000,3.5,903.1428571428571,Conan Exiles,297.43333333333334,1.75,169.96190476190478,The Bard's Tale ARPG : Remastered and Resnarkled,442.16666666666663,2.5,176.86666666666665
Minecraft Legends,23949,2000,30.0,731.6333333333333,Minecraft Legends,23949,2000,30.0,731.6333333333333,SIGNALIS,112.01666666666667,0.75,149.35555555555555,SIGNALIS,112.01666666666667,0.75,149.35555555555555
ARK: Survival Evolved,3500,1500,3.0,666.6666666666666,ARK: Survival Evolved,3500,1500,3.0,666.6666666666666,Human Fall Flat,3058.25,20.75,147.3855421686747,Human Fall Flat,3058.25,20.75,147.3855421686747
Rubber Bandits,1958,1000,1.5,638.6666666666666,Rubber Bandits,1958,1000,1.5,638.6666666666666,Besiege,478.2333333333333,3.5,136.63809523809522,Besiege,478.2333333333333,3.5,136.63809523809522
Gang Beasts,1955,1000,1.5,636.6666666666666,Gang Beasts,1955,1000,1.5,636.6666666666666,ARK: Survival Evolved,400.94166666666666,3.0,133.6472222222222,ARK: Survival Evolved,400.94166666666666,3.0,133.6472222222222
Townscaper,1153,1000,0.25,612.0,Townscaper,1153,1000,0.25,612.0,BlazBlue: Cross Tag Battle Special Edition,904.152380952381,7.0,129.16462585034014,BlazBlue: Cross Tag Battle Special Edition,904.152380952381,7.0,129.16462585034014
Quake II,1851,1000,1.5,567.3333333333334,Quake II,1851,1000,1.5,567.3333333333334,McPixel 3,1136.5,9.0,126.27777777777777,Lonely Mountains: Downhill,4811.9333333333325,38.0,126.62982456140348
Hello Neighbor 2,1795,1000,1.5,530.0,Hello Neighbor 2,1795,1000,1.5,530.0,Lonely Mountains: Downhill,3339.1333333333337,27.5,121.42303030303032,McPixel 3,1136.5,9.0,126.27777777777777
Besiege,2763,1000,3.5,503.7142857142857,Conan Exiles,3743,1460,4.5,507.3333333333333,Amnesia: The Bunker,1122.9,9.25,121.39459459459461,Amnesia: The Bunker,1122.9,9.25,121.39459459459461
Human Fall Flat,13463,3080,20.75,500.3855421686747,Besiege,2763,1000,3.5,503.7142857142857,Broforce,411.25000000000006,3.5,117.50000000000001,Broforce,411.25000000000006,3.5,117.50000000000001
Totally Accurate Battle Simulator,4180,1000,7.0,454.2857142857143,Human Fall Flat,13463,3080,20.75,500.3855421686747,Rubber Bandits,172.77142857142857,1.5,115.18095238095238,Rubber Bandits,172.77142857142857,1.5,115.18095238095238
Maquette,2055,1000,2.5,422.0,Totally Accurate Battle Simulator,4180,1000,7.0,454.2857142857143,Gang Beasts,161.86666666666667,1.5,107.91111111111111,Gang Beasts,161.86666666666667,1.5,107.91111111111111
Close to the Sun,2460,1000,3.5,417.14285714285717,Maquette,2055,1000,2.5,422.0,Broken Age,968.7818181818183,9.0,107.64242424242425,Broken Age,968.7818181818183,9.0,107.64242424242425
BlazBlue: Cross Tag Battle Special Edition,3644,1000,7.0,377.7142857142857,Close to the Sun,2460,1000,3.5,417.14285714285717,RESEARCH and DESTROY,2251.1000000000004,22.5,100.04888888888891,RESEARCH and DESTROY,2251.1000000000004,22.5,100.04888888888891
Totally Reliable Delivery Service,4432,1015,9.25,369.4054054054054,BlazBlue: Cross Tag Battle Special Edition,3644,1000,7.0,377.7142857142857,Close to the Sun,328.9333333333333,3.5,93.98095238095236,Golf With Your Friends,1405.9346405228757,14.25,98.66208003669303
Escape Academy,1551,1000,1.5,367.3333333333333,Escape Academy,1551,1000,1.5,367.3333333333333,Minecraft Legends,2726.0166666666664,30.0,90.86722222222221,Close to the Sun,328.9333333333333,3.5,93.98095238095236
The Bard's Tale ARPG : Remastered and Resnarkled,1914,1000,2.5,365.6,The Bard's Tale ARPG : Remastered and Resnarkled,1914,1000,2.5,365.6,Escape Academy,133.36666666666665,1.5,88.9111111111111,Goat Simulator,1358.8111111111116,14.5,93.71111111111114
My Friend Peppa Pig,1271,1000,0.75,361.3333333333333,Totally Reliable Delivery Service,4484,1030,9.5,363.57894736842104,Day of the Tentacle Remastered,220.08888888888885,2.5,88.03555555555553,Conan Exiles,415.5,4.5,92.33333333333333
Opus: Echo of Starsong – Full Bloom Edition,6690,1000,17.5,325.14285714285717,My Friend Peppa Pig,1271,1000,0.75,361.3333333333333,Battletoads,1483.9666666666667,17.5,84.79809523809524,Minecraft Legends,2726.0166666666664,30.0,90.86722222222221
Superliminal,4600,1200,10.5,323.8095238095238,Lonely Mountains: Downhill,15691,2230,38.0,354.2368421052632,Maquette,208.94761904761907,2.5,83.57904761904763,Escape Academy,133.36666666666665,1.5,88.9111111111111
Unpacking,1482,1000,1.5,321.3333333333333,Opus: Echo of Starsong – Full Bloom Edition,6690,1000,17.5,325.14285714285717,Golf With Your Friends,1040.6013071895427,12.5,83.24810457516341,Day of the Tentacle Remastered,220.08888888888885,2.5,88.03555555555553
DOOM 64,1477,1000,1.5,318.0,Superliminal,4600,1200,10.5,323.8095238095238,Opus: Echo of Starsong – Full Bloom Edition,1415.9333333333334,17.5,80.91047619047619,Battletoads,1483.9666666666667,17.5,84.79809523809524
Amnesia: The Bunker,3912,1040,9.25,310.4864864864865,Unpacking,1482,1000,1.5,321.3333333333333,Totally Reliable Delivery Service,697.8888888888889,9.25,75.44744744744744,Maquette,208.94761904761907,2.5,83.57904761904763
Kill It With Fire,2357,1000,4.5,301.55555555555554,DOOM 64,1477,1000,1.5,318.0,ScreamRide,3991.600000000001,55.0,72.57454545454547,Opus: Echo of Starsong – Full Bloom Edition,1415.9333333333334,17.5,80.91047619047619
Lonely Mountains: Downhill,9043,1000,27.5,292.4727272727273,Golf With Your Friends,6074,1585,14.25,315.0175438596491,GoldenEye 007,1270.0333333333333,17.5,72.57333333333334,Totally Reliable Delivery Service,722.5555555555555,9.5,76.05847953216374
Phantom Abyss,9043,1000,27.5,292.4727272727273,Amnesia: The Bunker,3912,1040,9.25,310.4864864864865,Shredders,642.7833333333333,9.0,71.42037037037036,ScreamRide,3991.600000000001,55.0,72.57454545454547
Broken Age,3573,1000,9.0,285.8888888888889,Kill It With Fire,2357,1000,4.5,301.55555555555554,Gungrave G.O.R.E,1498.966666666667,21.0,71.37936507936509,GoldenEye 007,1270.0333333333333,17.5,72.57333333333334
Planet of Lana,2946,1000,7.0,278.0,Phantom Abyss,9043,1000,27.5,292.4727272727273,Hello Neighbor 2,104.4659090909091,1.5,69.64393939393939,Shredders,642.7833333333333,9.0,71.42037037037036
RESEARCH and DESTROY,7138,1000,22.5,272.8,Broken Age,3573,1000,9.0,285.8888888888889,Amnesia: Rebirth,936.1904761904761,13.5,69.34744268077601,Gungrave G.O.R.E,1498.966666666667,21.0,71.37936507936509
SpiderHeck,23698,1470,82.5,269.43030303030304,Planet of Lana,2946,1000,7.0,278.0,Rush: A Disney Pixar Adventure,1202.9666666666665,17.5,68.74095238095236,Age of Empires IV: Anniversary Edition,8132.6,114.5,71.02707423580786
Loot River,4560,1000,13.5,263.7037037037037,RESEARCH and DESTROY,7138,1000,22.5,272.8,Infinite Guitars,755.25,11.0,68.6590909090909,Hello Neighbor 2,104.4659090909091,1.5,69.64393939393939
Cooking Simulator,3371,1000,9.0,263.44444444444446,SpiderHeck,23698,1470,82.5,269.43030303030304,Pac-Man Museum+,3704.9215686274506,55.0,67.36221033868092,Amnesia: Rebirth,936.1904761904761,13.5,69.34744268077601
Infinite Guitars,3871,1000,11.0,261.0,Loot River,4560,1000,13.5,263.7037037037037,Unpacking,99.8,1.5,66.53333333333333,Rush: A Disney Pixar Adventure,1202.9666666666665,17.5,68.74095238095236
Dordogne,1902,1000,3.5,257.7142857142857,Infinite Guitars,3871,1000,11.0,261.0,Cooking Simulator,586.8499999999999,9.0,65.20555555555555,Infinite Guitars,755.25,11.0,68.6590909090909
Shredders,3234,1000,9.0,248.22222222222223,Dordogne,1902,1000,3.5,257.7142857142857,Quake II,97.04999999999998,1.5,64.69999999999999,Dead Cells,3634.685714285714,53.25,68.25700871898054
Golf With Your Friends,4183,1135,12.5,243.84,Shredders,3234,1000,9.0,248.22222222222223,Kill It With Fire,291.1333333333333,4.5,64.6962962962963,Pac-Man Museum+,3704.9215686274506,55.0,67.36221033868092
Slayers X: Terminal Aftermath: Vengance of the Slayer,2697,1000,7.0,242.42857142857142,Goat Simulator,5943,2375,14.5,246.06896551724137,Dordogne,219.42222222222222,3.5,62.69206349206349,Unpacking,99.8,1.5,66.53333333333333
ScreamRide,13803,1000,55.0,232.78181818181818,Slayers X: Terminal Aftermath: Vengance of the Slayer,2697,1000,7.0,242.42857142857142,Among Us,717.9444444444446,11.5,62.42995169082127,Quake II,97.04999999999998,1.5,64.69999999999999
Dune: Spice Wars,6151,1000,22.5,228.93333333333334,ScreamRide,13803,1000,55.0,232.78181818181818,Goat Simulator,278.2888888888889,4.5,61.84197530864198,Kill It With Fire,291.1333333333333,4.5,64.6962962962963
Goat Simulator,2027,1000,4.5,228.22222222222223,Dune: Spice Wars,6151,1000,22.5,228.93333333333334,Townscaper,15.299999999999999,0.25,61.199999999999996,Solasta: Crown of the Magister,4411.008771929825,70.0,63.01441102756893
Among Us,3784,1180,11.5,226.43478260869566,Among Us,3784,1180,11.5,226.43478260869566,Age of Empires IV: Anniversary Edition,6461.200000000001,107.5,60.104186046511636,Dordogne,219.42222222222222,3.5,62.69206349206349
DOOM (1993),3480,1000,11.0,225.45454545454547,DOOM (1993),3480,1000,11.0,225.45454545454547,Dead Cells,2081.942857142857,34.75,59.9120246659815,Among Us,717.9444444444446,11.5,62.42995169082127
Metal: Hellsinger,2543,1000,7.0,220.42857142857142,Metal: Hellsinger,2543,1000,7.0,220.42857142857142,NORCO,417.8,7.0,59.68571428571429,Townscaper,15.299999999999999,0.25,61.199999999999996
Overcooked! 2,2929,1000,9.0,214.33333333333334,Overcooked! 2,8263,3000,24.0,219.29166666666666,Guilty Gear -Strive-,1038.2857142857147,17.5,59.330612244897985,NORCO,417.8,7.0,59.68571428571429
The Bookwalker: Thief of Tales,3353,1000,11.0,213.9090909090909,The Bookwalker: Thief of Tales,3353,1000,11.0,213.9090909090909,DEATHLOOP,1604.7333333333333,27.5,58.35393939393939,Guilty Gear -Strive-,1038.2857142857147,17.5,59.330612244897985
Farworld Pioneers,2910,1000,9.0,212.22222222222223,Farworld Pioneers,2910,1000,9.0,212.22222222222223,F.I.S.T.: Forged in Shadow Torch,1016.1282051282054,17.5,58.06446886446888,DEATHLOOP,1604.7333333333333,27.5,58.35393939393939
Farworld Pioneers,2910,1000,9.0,212.22222222222223,Farworld Pioneers,2910,1000,9.0,212.22222222222223,Crackdown 3: Campaign,1724.5452380952383,29.75,57.96790716286515,HITMAN World of Assassination,1714.6666666666667,29.5,58.12429378531073
You Suck at Parking,11762,1325,50.0,208.74,You Suck at Parking,11762,1325,50.0,208.74,LAPIN,1866.5000000000002,32.5,57.430769230769236,F.I.S.T.: Forged in Shadow Torch,1016.1282051282054,17.5,58.06446886446888
Pikuniku,1884,1000,4.5,196.44444444444446,Dead Cells,13171,2430,53.25,201.70892018779344,The Bookwalker: Thief of Tales,626.5333333333333,11.0,56.95757575757575,Crackdown 3: Campaign,1724.5452380952383,29.75,57.96790716286515
Amnesia: Rebirth,3616,1000,13.5,193.77777777777777,Pikuniku,1884,1000,4.5,196.44444444444446,New Super Lucky's Tale,625.7166666666666,11.0,56.883333333333326,LAPIN,1866.5000000000002,32.5,57.430769230769236
Hypnospace Outlaw,2323,1000,7.0,189.0,Amnesia: Rebirth,3616,1000,13.5,193.77777777777777,Ravenlok,253.06666666666666,4.5,56.237037037037034,The Bookwalker: Thief of Tales,626.5333333333333,11.0,56.95757575757575
Pac-Man Museum+,11366,1000,55.0,188.47272727272727,Hypnospace Outlaw,2323,1000,7.0,189.0,Cassette Beasts,2396.8333333333335,45.0,53.262962962962966,New Super Lucky's Tale,625.7166666666666,11.0,56.883333333333326
Eastern Exorcist,4227,1000,17.5,184.4,Pac-Man Museum+,11366,1000,55.0,188.47272727272727,Minecraft Dungeons,3281.183333333334,61.75,53.136572199730104,Ravenlok,253.06666666666666,4.5,56.237037037037034
The Big Con,4391,1500,16.25,177.90769230769232,Eastern Exorcist,4227,1000,17.5,184.4,Coffee Talk Episode 2: Hibiscus and Butterfly,469.46666666666675,9.0,52.16296296296297,Hot Wheels Unleashed,1290.5555555555557,23.25,55.50776583034648
Dead Cells,7546,1370,34.75,177.72661870503597,theHunter: Call of the Wild,28456,3730,135.0,183.15555555555557,Overcooked! 2,466.50000000000006,9.0,51.83333333333334,Killer Instinct,23619.300000000003,439.5,53.74129692832765
Guilty Gear -Strive-,4101,1000,17.5,177.2,The Big Con,4391,1500,16.25,177.90769230769232,Hot Wheels Unleashed,1165.888888888889,22.5,51.81728395061729,Cassette Beasts,2396.8333333333335,45.0,53.262962962962966
Gungrave G.O.R.E,4715,1045,21.0,174.76190476190476,Guilty Gear -Strive-,4101,1000,17.5,177.2,Eastern Exorcist,906.5989974937344,17.5,51.80565699964196,Coffee Talk Episode 2: Hibiscus and Butterfly,469.46666666666675,9.0,52.16296296296297
Venba,1262,1000,1.5,174.66666666666666,Gungrave G.O.R.E,4715,1045,21.0,174.76190476190476,JoJo's Bizarre Adventure: All-Star Battle R,1160.1564102564103,22.5,51.56250712250712,Eastern Exorcist,906.5989974937344,17.5,51.80565699964196
Battletoads,4053,1000,17.5,174.45714285714286,Venba,1262,1000,1.5,174.66666666666666,Moonlighter,1403.3822843822848,27.5,51.03208306844672,JoJo's Bizarre Adventure: All-Star Battle R,1160.1564102564103,22.5,51.56250712250712
LIMBO,2219,1000,7.0,174.14285714285714,Battletoads,4053,1000,17.5,174.45714285714286,The Big Con,807.3138942617667,16.25,49.68085503149334,Moonlighter,1403.3822843822848,27.5,51.03208306844672
Trailmakers,4233,1200,17.75,170.8732394366197,LIMBO,2219,1000,7.0,174.14285714285714,Metal: Hellsinger,344.5101449275362,7.0,49.21573498964803,theHunter: Call of the Wild,6862.783333333333,135.0,50.83543209876543
House Flipper,4041,1055,18.0,165.88888888888889,Trailmakers,4233,1200,17.75,170.8732394366197,Halo Wars: Definitive Edition,1319.4962925962927,27.5,47.98168336713792,The Big Con,807.3138942617667,16.25,49.68085503149334
Chicory: A Colorful Tale,3903,1000,17.5,165.88571428571427,Chicory: A Colorful Tale,3903,1000,17.5,165.88571428571427,Moonscars,836.5999999999999,17.5,47.80571428571428,Metal: Hellsinger,344.5101449275362,7.0,49.21573498964803
GRIS,2161,1000,7.0,165.85714285714286,GRIS,2161,1000,7.0,165.85714285714286,Grim Fandango Remastered,427.11111111111114,9.0,47.45679012345679,House Flipper,1830.4833333333333,37.75,48.48962472406181
Day of the Tentacle Remastered,1411,1000,2.5,164.4,This War of Mine: Final Cut,8354,1755,40.0,164.975,Slayers X: Terminal Aftermath: Vengance of the Slayer,331.4869047619048,7.0,47.35527210884354,Halo Wars: Definitive Edition,1319.4962925962927,27.5,47.98168336713792
Contrast,1575,1000,3.5,164.28571428571428,Day of the Tentacle Remastered,1411,1000,2.5,164.4,Dungeons 4,1532.5,32.5,47.15384615384615,Moonscars,836.5999999999999,17.5,47.80571428571428
Crackdown 3: Campaign,6586,1750,29.75,162.5546218487395,Contrast,1575,1000,3.5,164.28571428571428,Superliminal,487.09999999999997,10.5,46.390476190476186,Grim Fandango Remastered,427.11111111111114,9.0,47.45679012345679
DOOM II (Classic),3838,1000,17.5,162.17142857142858,Crackdown 3: Campaign,6586,1750,29.75,162.5546218487395,Chicory: A Colorful Tale,810.8619047619047,17.5,46.33496598639456,Slayers X: Terminal Aftermath: Vengance of the Slayer,331.4869047619048,7.0,47.35527210884354
NORCO,2105,1000,7.0,157.85714285714286,DOOM II (Classic),3838,1000,17.5,162.17142857142858,Hi-Fi RUSH,3659.6000000000004,79.0,46.324050632911394,Dungeons 4,1532.5,32.5,47.15384615384615
Thirsty Suitors,2729,1000,11.0,157.1818181818182,Hot Wheels Unleashed,4858,1135,23.25,160.1290322580645,Dune: Spice Wars,1025.6000000000001,22.5,45.58222222222223,Superliminal,487.09999999999997,10.5,46.390476190476186
Hot Wheels Unleashed,4536,1000,22.5,157.15555555555557,NORCO,2105,1000,7.0,157.85714285714286,Minecraft,1682.0666666666668,37.0,45.461261261261264,Chicory: A Colorful Tale,810.8619047619047,17.5,46.33496598639456
Somerville,1700,1000,4.5,155.55555555555554,Thirsty Suitors,2729,1000,11.0,157.1818181818182,Spacelines from the Far Out,1019.5952380952382,22.5,45.31534391534392,Hi-Fi RUSH,3659.6000000000004,79.0,46.324050632911394
Solar Ash,3706,1000,17.5,154.62857142857143,Somerville,1700,1000,4.5,155.55555555555554,PAW Patrol: Mighty Pups Save Adventure Bay,158.55238095238096,3.5,45.30068027210884,Minecraft Dungeons,4193.383333333334,90.75,46.208080808080815
Celeste,2377,1000,9.0,153.0,Solar Ash,3706,1000,17.5,154.62857142857143,Supraland: Six Inches Under,782.9333333333333,17.5,44.73904761904762,Dune: Spice Wars,1025.6000000000001,22.5,45.58222222222223
Descenders,15622,1500,92.5,152.67027027027027,House Flipper,7867,2055,37.75,153.96026490066225,Homestead Arcana,1002.1999999999999,22.5,44.54222222222222,Minecraft,1682.0666666666668,37.0,45.461261261261264
Metal: Hellsinger (Xbox One),2068,1000,7.0,152.57142857142858,Celeste,2377,1000,9.0,153.0,Solar Ash,778.6666666666667,17.5,44.4952380952381,Spacelines from the Far Out,1019.5952380952382,22.5,45.31534391534392
Minecraft Dungeons,11504,2140,61.75,151.6437246963563,Descenders,15622,1500,92.5,152.67027027027027,Monster Train,998.9333333333334,22.5,44.39703703703704,PAW Patrol: Mighty Pups Save Adventure Bay,158.55238095238096,3.5,45.30068027210884
PAW Patrol: Mighty Pups Save Adventure Bay,1530,1000,3.5,151.42857142857142,Metal: Hellsinger (Xbox One),2068,1000,7.0,152.57142857142858,Ninja Gaiden Σ,3067.7047619047617,70.0,43.824353741496594,Supraland: Six Inches Under,782.9333333333333,17.5,44.73904761904762
This War of Mine: Final Cut,4391,1000,22.5,150.7111111111111,PAW Patrol: Mighty Pups Save Adventure Bay,1530,1000,3.5,151.42857142857142,Phantom Abyss,1148.4690476190476,27.5,41.76251082251082,Homestead Arcana,1002.1999999999999,22.5,44.54222222222222
Homestead Arcana,4386,1000,22.5,150.48888888888888,Homestead Arcana,4386,1000,22.5,150.48888888888888,Celeste,374.66666666666663,9.0,41.629629629629626,Solar Ash,778.6666666666667,17.5,44.4952380952381
Moonscars,3552,1000,17.5,145.82857142857142,Moonscars,3552,1000,17.5,145.82857142857142,Ori and the Blind Forest: Definitive Edition,922.3450980392156,22.5,40.993115468409584,Monster Train,998.9333333333334,22.5,44.39703703703704
Turbo Golf Racing,4275,1000,22.5,145.55555555555554,Turbo Golf Racing,4275,1000,22.5,145.55555555555554,SpiderHeck,3328.4,82.5,40.344242424242424,Ninja Gaiden Σ,3067.7047619047617,70.0,43.824353741496594
F.I.S.T.: Forged in Shadow Torch,3535,1000,17.5,144.85714285714286,F.I.S.T.: Forged in Shadow Torch,3535,1000,17.5,144.85714285714286,Ninja Gaiden 3: Razor's Edge,2816.9333333333325,70.0,40.24190476190475,This War of Mine: Final Cut,1750.95,40.0,43.77375
McPixel 3,2289,1000,9.0,143.22222222222223,McPixel 3,2289,1000,9.0,143.22222222222223,Rare Replay,10032.799999999997,250.0,40.13119999999999,Phantom Abyss,1148.4690476190476,27.5,41.76251082251082
Amnesia: Collection,3505,1000,17.5,143.14285714285714,Amnesia: Collection,3505,1000,17.5,143.14285714285714,Turbo Golf Racing,900.8166666666666,22.5,40.03629629629629,Celeste,374.66666666666663,9.0,41.629629629629626
Ben 10: Power Trip,3447,1000,17.5,139.82857142857142,Ben 10: Power Trip,3447,1000,17.5,139.82857142857142,TOEM,275.48333333333335,7.0,39.35476190476191,Age of Empires II: Definitive Edition,12137.433333333334,296.0,41.00484234234234
Bleeding Edge,2240,1000,9.0,137.77777777777777,Bleeding Edge,2240,1000,9.0,137.77777777777777,Ben 10: Power Trip,685.3866666666668,17.5,39.164952380952386,Ori and the Blind Forest: Definitive Edition,922.3450980392156,22.5,40.993115468409584
Rush: A Disney Pixar Adventure,3410,1000,17.5,137.71428571428572,Rush: A Disney Pixar Adventure,3410,1000,17.5,137.71428571428572,HITMAN World of Assassination,1058.6666666666667,27.5,38.4969696969697,SpiderHeck,3328.4,82.5,40.344242424242424
JoJo's Bizarre Adventure: All-Star Battle R,4098,1000,22.5,137.6888888888889,JoJo's Bizarre Adventure: All-Star Battle R,4098,1000,22.5,137.6888888888889,DOOM,1262.7238095238095,33.0,38.26435786435786,Ninja Gaiden 3: Razor's Edge,2816.9333333333325,70.0,40.24190476190475
Ravenlok,1606,1000,4.5,134.66666666666666,Ravenlok,1606,1000,4.5,134.66666666666666,Planet of Lana,267.7136363636364,7.0,38.2448051948052,Rare Replay,10032.799999999997,250.0,40.13119999999999
Kameo: Elements of Power,3986,1000,22.5,132.7111111111111,Solasta: Crown of the Magister,11431,2154,70.0,132.52857142857144,DOOM (1993),419.09999999999997,11.0,38.099999999999994,Turbo Golf Racing,900.8166666666666,22.5,40.03629629629629
Prodeus,3316,1000,17.5,132.34285714285716,Prodeus,3316,1000,17.5,132.34285714285716,Full Throttle Remastered,94.36666666666667,2.5,37.74666666666667,Overcooked! 2,945.95,24.0,39.41458333333333
Cricket 22,3283,1000,17.5,130.45714285714286,Super Lucky's Tale,5235,2000,24.5,132.0408163265306,ReCore,2025.8,54.0,37.51481481481481,TOEM,275.48333333333335,7.0,39.35476190476191
Ori and the Blind Forest: Definitive Edition,4166,1250,22.5,129.6,Cricket 22,3283,1000,17.5,130.45714285714286,Wolfenstein: The Old Blood,654.0,17.5,37.371428571428574,Ben 10: Power Trip,685.3866666666668,17.5,39.164952380952386
Super Lucky's Tale,3546,1280,17.5,129.4857142857143,Ori and the Blind Forest: Definitive Edition,4166,1250,22.5,129.6,Metal: Hellsinger (Xbox One),260.6975845410628,7.0,37.242512077294684,Sid Meier's Civilization VI,3298.2877192982464,85.0,38.803384932920544
Garden Story,3257,1000,17.5,128.97142857142856,Garden Story,3257,1000,17.5,128.97142857142856,Killer Instinct,8757.933333333332,238.5,36.720894479385045,DOOM,1262.7238095238095,33.0,38.26435786435786
Spacelines from the Far Out,3874,1000,22.5,127.73333333333333,Spacelines from the Far Out,3874,1000,22.5,127.73333333333333,Shadow Warrior 3: Definitive Edition,253.63809523809522,7.0,36.23401360544217,Planet of Lana,267.7136363636364,7.0,38.2448051948052
Genesis Noir,1689,1210,3.75,127.73333333333333,Genesis Noir,1689,1210,3.75,127.73333333333333,Age of Empires II: Definitive Edition,8049.433333333333,223.0,36.09611360239163,DOOM (1993),419.09999999999997,11.0,38.099999999999994
GoldenEye 007,3219,1000,17.5,126.8,Minecraft Dungeons,14563,3000,90.75,127.4159779614325,The Bard's Tale IV: Director's Cut,1981.5666666666666,55.0,36.028484848484844,Full Throttle Remastered,94.36666666666667,2.5,37.74666666666667
Halo Wars: Definitive Edition,4984,1500,27.5,126.69090909090909,GoldenEye 007,3219,1000,17.5,126.8,Thirsty Suitors,393.25,11.0,35.75,ReCore,2025.8,54.0,37.51481481481481
INSIDE,1440,1000,3.5,125.71428571428571,Halo Wars: Definitive Edition,4984,1500,27.5,126.69090909090909,Bramble: The Mountain King,321.3333333333333,9.0,35.7037037037037,Wolfenstein: The Old Blood,654.0,17.5,37.371428571428574
PAW Patrol: Grand Prix,2681,1000,13.5,124.51851851851852,INSIDE,1440,1000,3.5,125.71428571428571,My Friend Peppa Pig,26.75,0.75,35.666666666666664,Metal: Hellsinger (Xbox One),260.6975845410628,7.0,37.242512077294684
Figment 2: Creed Valley,1852,1000,7.0,121.71428571428571,PAW Patrol: Grand Prix,2681,1000,13.5,124.51851851851852,Sid Meier's Civilization VI,1693.754385964912,48.0,35.28654970760233,Shadow Warrior 3: Definitive Edition,253.63809523809522,7.0,36.23401360544217
Moonlighter,4322,1000,27.5,120.8,Figment 2: Creed Valley,1852,1000,7.0,121.71428571428571,Redfall,1583.7647058823532,45.0,35.19477124183007,The Bard's Tale IV: Director's Cut,1981.5666666666666,55.0,36.028484848484844
Halo: Spartan Assault,3715,1000,22.5,120.66666666666667,Moonlighter,4322,1000,27.5,120.8,Shadowrun Returns,758.4583333333334,22.5,33.70925925925926,Thirsty Suitors,393.25,11.0,35.75
Shadow Warrior 3: Definitive Edition,1844,1000,7.0,120.57142857142857,Halo: Spartan Assault,3715,1000,22.5,120.66666666666667,Disneyland Adventures,1506.5904761904765,45.0,33.479788359788365,Bramble: The Mountain King,321.3333333333333,9.0,35.7037037037037
Soccer Story,2616,1000,13.5,119.70370370370371,Shadow Warrior 3: Definitive Edition,1844,1000,7.0,120.57142857142857,Arcade Paradise,1501.4444444444446,45.0,33.36543209876543,My Friend Peppa Pig,26.75,0.75,35.666666666666664
Insurgency: Sandstorm,3043,1000,17.5,116.74285714285715,Soccer Story,2616,1000,13.5,119.70370370370371,Jetpac Refuelled,361.8333333333333,11.0,32.89393939393939,Redfall,1583.7647058823532,45.0,35.19477124183007
Neon Abyss,7406,1000,55.0,116.47272727272727,Merge & Blade,7338,1700,47.5,118.69473684210526,Return to Monkey Island,575.0416666666667,17.5,32.859523809523814,Sniper Elite 5,1158.7142857142858,34.25,33.8310740354536
Ninja Gaiden 3: Razor's Edge,9118,1000,70.0,115.97142857142858,Insurgency: Sandstorm,3043,1000,17.5,116.74285714285715,TUNIC,568.2999999999998,17.5,32.474285714285706,Shadowrun Returns,758.4583333333334,22.5,33.70925925925926
Supraland: Six Inches Under,3029,1000,17.5,115.94285714285714,Neon Abyss,7406,1000,55.0,116.47272727272727,Prodeus,563.9666666666666,17.5,32.22666666666666,Disneyland Adventures,1506.5904761904765,45.0,33.479788359788365
Return to Monkey Island,3006,1000,17.5,114.62857142857143,Ninja Gaiden 3: Razor's Edge,9118,1000,70.0,115.97142857142858,House Flipper,573.6333333333333,18.0,31.868518518518517,Arcade Paradise,1501.4444444444446,45.0,33.36543209876543
Airborne Kingdom,3276,1200,18.25,113.75342465753425,Supraland: Six Inches Under,3029,1000,17.5,115.94285714285714,Cricket 22,553.5,17.5,31.62857142857143,Jetpac Refuelled,361.8333333333333,11.0,32.89393939393939
Zoo Tycoon: Ultimate Animal Collection,11734,1500,90.0,113.71111111111111,Return to Monkey Island,3006,1000,17.5,114.62857142857143,Kameo: Elements of Power,704.5,22.5,31.31111111111111,Return to Monkey Island,575.0416666666667,17.5,32.859523809523814
Cocoon,1509,1000,4.5,113.11111111111111,Airborne Kingdom,3276,1200,18.25,113.75342465753425,Ori and the Will of the Wisps,697.1833333333333,22.5,30.985925925925923,TUNIC,568.2999999999998,17.5,32.474285714285706
Hi-Fi RUSH,10158,1250,79.0,112.75949367088607,Zoo Tycoon: Ultimate Animal Collection,11734,1500,90.0,113.71111111111111,Wasteland Remastered,846.75,27.5,30.79090909090909,Atomic Heart,1457.7952380952381,45.0,32.39544973544974
TUNIC,2965,1000,17.5,112.28571428571429,Cocoon,1509,1000,4.5,113.11111111111111,Contrast,107.68333333333332,3.5,30.766666666666662,Prodeus,563.9666666666666,17.5,32.22666666666666
A Short Hike,1504,1000,4.5,112.0,Hi-Fi RUSH,10158,1250,79.0,112.75949367088607,Loot River,413.43333333333334,13.5,30.62469135802469,Cricket 22,553.5,17.5,31.62857142857143
Coffee Talk Episode 2: Hibiscus and Butterfly,2000,1000,9.0,111.11111111111111,TUNIC,2965,1000,17.5,112.28571428571429,Sniper Elite 5,837.3809523809525,27.5,30.450216450216455,RAGE 2,1472.4666666666665,47.0,31.329078014184393
Citizen Sleeper,1989,1000,9.0,109.88888888888889,A Short Hike,1504,1000,4.5,112.0,Merge & Blade,1401.8833333333334,46.5,30.148028673835128,Super Lucky's Tale,764.76,24.5,31.21469387755102
Grim Fandango Remastered,1989,1000,9.0,109.88888888888889,HITMAN World of Assassination,4823,1540,29.5,111.28813559322033,Halo: Spartan Assault,672.8999999999999,22.5,29.90666666666666,Merge & Blade,1476.4833333333331,47.5,31.083859649122804
Minecraft,6934,2870,37.0,109.83783783783784,Coffee Talk Episode 2: Hibiscus and Butterfly,2000,1000,9.0,111.11111111111111,You Suck at Parking,1494.6000000000001,50.0,29.892000000000003,Ori and the Will of the Wisps,697.1833333333333,22.5,30.985925925925923
Ori and the Will of the Wisps,3437,1000,22.5,108.31111111111112,Just Cause 4,9828,2500,66.5,110.19548872180451,Trailmakers,529.7191558441558,17.75,29.843332723614413,Wasteland Remastered,846.75,27.5,30.79090909090909
New Super Lucky's Tale,2190,1000,11.0,108.18181818181819,Grim Fandango Remastered,1989,1000,9.0,109.88888888888889,Neon Abyss,1634.8833333333332,55.0,29.725151515151513,Contrast,107.68333333333332,3.5,30.766666666666662
Full Throttle Remastered,1270,1000,2.5,108.0,Citizen Sleeper,1989,1000,9.0,109.88888888888889,DOOM 64,43.733333333333334,1.5,29.155555555555555,Loot River,413.43333333333334,13.5,30.62469135802469
MASSIVE CHALICE,8507,1000,70.0,107.24285714285715,Minecraft,6934,2870,37.0,109.83783783783784,The Last Case of Benedict Fox,509.96666666666664,17.5,29.14095238095238,Halo: Spartan Assault,672.8999999999999,22.5,29.90666666666666
Monster Train,3401,1000,22.5,106.71111111111111,Ori and the Will of the Wisps,3437,1000,22.5,108.31111111111112,Zoo Tycoon: Ultimate Animal Collection,2589.7571428571428,90.0,28.775079365079364,You Suck at Parking,1494.6000000000001,50.0,29.892000000000003
Merge & Blade,6192,1300,46.5,105.20430107526882,New Super Lucky's Tale,2190,1000,11.0,108.18181818181819,Zombie Army 4: Dead War,1335.3333333333335,46.75,28.563279857397507,Trailmakers,529.7191558441558,17.75,29.843332723614413
DOOM,5037,1580,33.0,104.75757575757575,Full Throttle Remastered,1270,1000,2.5,108.0,As Dusk Falls,385.16666666666663,13.5,28.53086419753086,Neon Abyss,1634.8833333333332,55.0,29.725151515151513
Ninja Gaiden Σ,8304,1000,70.0,104.34285714285714,MASSIVE CHALICE,8507,1000,70.0,107.24285714285715,Dishonored Definitive Edition,1989.9166666666667,70.0,28.427380952380954,Wo Long: Fallen Dynasty,1926.5583333333325,66.0,29.190277777777766
Teenage Mutant Ninja Turtles: Shredder's Revenge,2781,1000,17.5,101.77142857142857,Monster Train,3401,1000,22.5,106.71111111111111,Ninja Gaiden Σ2,1561.3642857142856,55.0,28.388441558441556,DOOM 64,43.733333333333334,1.5,29.155555555555555
The Last Case of Benedict Fox,2777,1000,17.5,101.54285714285714,DOOM,5037,1580,33.0,104.75757575757575,The Bard's Tale Trilogy,1980.8000000000002,70.0,28.29714285714286,The Last Case of Benedict Fox,509.96666666666664,17.5,29.14095238095238
Crackdown 3: Wrecking Zone,1207,500,7.0,101.0,Atomic Heart,5851,1150,45.0,104.46666666666667,Ghostlore,1532.2,55.0,27.85818181818182,Sunset Overdrive,1608.7028236420197,55.25,29.116793188090853
DEATHLOOP,3725,1000,27.5,99.0909090909091,Ninja Gaiden Σ,8304,1000,70.0,104.34285714285714,RAGE 2,1140.1333333333334,41.0,27.808130081300817,Banjo-Kazooie: Nuts & Bolts,1095.55,38.0,28.830263157894734
Sid Meier's Civilization VI,5718,1090,48.0,96.41666666666667,Teenage Mutant Ninja Turtles: Shredder's Revenge,2781,1000,17.5,101.77142857142857,Sunset Overdrive,1387.1694903086864,50.25,27.60536299121764,Zoo Tycoon: Ultimate Animal Collection,2589.7571428571428,90.0,28.775079365079364
Wreckfest,3161,1000,22.5,96.04444444444445,The Last Case of Benedict Fox,2777,1000,17.5,101.54285714285714,Insurgency: Sandstorm,482.0205128205128,17.5,27.544029304029305,As Dusk Falls,385.16666666666663,13.5,28.53086419753086
Max: The Curse of Brotherhood,1860,1000,9.0,95.55555555555556,Crackdown 3: Wrecking Zone,1207,500,7.0,101.0,Railway Empire 2,1922.3333333333335,70.0,27.461904761904766,Dishonored Definitive Edition,1989.9166666666667,70.0,28.427380952380954
Bramble: The Mountain King,1857,1000,9.0,95.22222222222223,Age of Empires IV: Anniversary Edition,13056,1580,114.5,100.22707423580786,GRIS,192.16666666666666,7.0,27.452380952380953,Ninja Gaiden Σ2,1561.3642857142856,55.0,28.388441558441556
Rare Replay,27801,4000,250.0,95.204,DEATHLOOP,3725,1000,27.5,99.0909090909091,Torment: Tides of Numenera,2462.777777777778,90.0,27.3641975308642,The Bard's Tale Trilogy,1980.8000000000002,70.0,28.29714285714286
Wasteland Remastered,3617,1000,27.5,95.16363636363636,Wreckfest,3161,1000,22.5,96.04444444444445,MotoGP 22,735.8333333333334,27.5,26.757575757575758,Ghostlore,1532.2,55.0,27.85818181818182
Atomic Heart,5222,1000,45.0,93.82222222222222,Max: The Curse of Brotherhood,1860,1000,9.0,95.55555555555556,Venba,39.35000000000001,1.5,26.233333333333338,Insurgency: Sandstorm,482.0205128205128,17.5,27.544029304029305
The Wandering Village,5163,1000,45.0,92.5111111111111,Bramble: The Mountain King,1857,1000,9.0,95.22222222222223,Garden Story,457.95000000000005,17.5,26.168571428571433,Railway Empire 2,1922.3333333333335,70.0,27.461904761904766
The Gunk,1638,1000,7.0,91.14285714285714,Rare Replay,27801,4000,250.0,95.204,Shadowrun: Dragonfall - Director's Cut,717.0416666666666,27.5,26.074242424242424,GRIS,192.16666666666666,7.0,27.452380952380953
F1 Manager 2023,3037,1000,22.5,90.53333333333333,Wasteland Remastered,3617,1000,27.5,95.16363636363636,Atomic Heart,1170.1285714285714,45.0,26.002857142857142,Torment: Tides of Numenera,2462.777777777778,90.0,27.3641975308642
Ninja Gaiden Σ2,5970,1000,55.0,90.36363636363636,DIRT 5,4856,1800,32.5,94.03076923076924,Pikuniku,116.83333333333333,4.5,25.962962962962962,Just Cause 4,1788.026666666666,66.5,26.887619047619037
Hellblade: Senua's Sacrifice,1632,1000,7.0,90.28571428571429,The Wandering Village,5163,1000,45.0,92.5111111111111,Teenage Mutant Ninja Turtles: Shredder's Revenge,445.0571428571429,17.5,25.431836734693878,MotoGP 22,735.8333333333334,27.5,26.757575757575758
Ghostlore,5959,1000,55.0,90.16363636363636,The Gunk,1638,1000,7.0,91.14285714285714,Amnesia: Collection,444.32500000000005,17.5,25.390000000000004,Generation Zero,1749.2333333333338,66.5,26.30426065162908
Gears Tactics,11446,1400,112.5,89.29777777777778,F1 Manager 2023,3037,1000,22.5,90.53333333333333,Gears Tactics,2849.6833333333334,112.5,25.33051851851852,Venba,39.35000000000001,1.5,26.233333333333338
Potion Craft: Alchemist Simulator,4984,1000,45.0,88.53333333333333,Ninja Gaiden Σ2,5970,1000,55.0,90.36363636363636,Viva Piñata: Trouble In Paradise,568.6333333333334,22.5,25.2725925925926,Garden Story,457.95000000000005,17.5,26.168571428571433
TOEM,1605,1000,7.0,86.42857142857143,Hellblade: Senua's Sacrifice,1632,1000,7.0,90.28571428571429,DOOM II (Classic),441.06666666666666,17.5,25.203809523809525,Shadowrun: Dragonfall - Director's Cut,717.0416666666666,27.5,26.074242424242424
Age of Empires IV: Anniversary Edition,10566,1310,107.5,86.10232558139535,Ghostlore,5959,1000,55.0,90.16363636363636,Loop Hero,1133.4785714285715,45.0,25.1884126984127,Pikuniku,116.83333333333333,4.5,25.962962962962962
HITMAN World of Assassination,3299,1000,27.5,83.6,Gears Tactics,11446,1400,112.5,89.29777777777778,Fable Anniversary,564.3333333333334,22.5,25.081481481481482,Teenage Mutant Ninja Turtles: Shredder's Revenge,445.0571428571429,17.5,25.431836734693878
DOOM 3,3263,1000,27.5,82.2909090909091,Potion Craft: Alchemist Simulator,4984,1000,45.0,88.53333333333333,Banjo-Kazooie: Nuts & Bolts,814.5,32.5,25.06153846153846,Amnesia: Collection,444.32500000000005,17.5,25.390000000000004
LAPIN,3663,1000,32.5,81.93846153846154,TOEM,1605,1000,7.0,86.42857142857143,Max: The Curse of Brotherhood,224.0666666666667,9.0,24.8962962962963,Gears Tactics,2849.6833333333334,112.5,25.33051851851852
Monster Sanctuary,5150,1200,48.5,81.44329896907216,Sid Meier's Civilization VI,9163,1945,85.0,84.91764705882353,RAGE,555.2333333333332,22.5,24.67703703703703,Viva Piñata: Trouble In Paradise,568.6333333333334,22.5,25.2725925925926
Scorn,1439,1000,5.5,79.81818181818181,DOOM 3,3263,1000,27.5,82.2909090909091,Iron Brigade,221.66666666666669,9.0,24.629629629629633,DOOM II (Classic),441.06666666666666,17.5,25.203809523809525
Dungeons 4,3565,1000,32.5,78.92307692307692,LAPIN,3663,1000,32.5,81.93846153846154,Gunfire Reborn,1721.9241874282122,70.0,24.598916963260177,Loop Hero,1133.4785714285715,45.0,25.1884126984127
Shadowrun: Dragonfall - Director's Cut,3161,1000,27.5,78.58181818181818,Monster Sanctuary,5150,1200,48.5,81.44329896907216,Fuga: Melodies of Steel 2,673.9166666666666,27.5,24.506060606060604,Fable Anniversary,564.3333333333334,22.5,25.081481481481482
Shadowrun Returns,2764,1000,22.5,78.4,Scorn,1439,1000,5.5,79.81818181818181,Descenders,2224.498333333333,92.5,24.048630630630626,Max: The Curse of Brotherhood,224.0666666666667,9.0,24.8962962962963
Disneyland Adventures,4439,1000,45.0,76.42222222222222,Dungeons 4,3565,1000,32.5,78.92307692307692,Super Lucky's Tale,420.0766666666667,17.5,24.004380952380956,Gunfire Reborn,1721.9241874282122,70.0,24.598916963260177
Tell Me Why,689,500,2.5,75.6,Shadowrun: Dragonfall - Director's Cut,3161,1000,27.5,78.58181818181818,Joy Ride Turbo,214.4666666666667,9.0,23.829629629629633,High On Life,688.2777777777776,28.0,24.5813492063492
Wolfenstein: The Old Blood,2308,1000,17.5,74.74285714285715,Shadowrun Returns,2764,1000,22.5,78.4,DOOM 3,652.6666666666667,27.5,23.733333333333338,Zombie Army 4: Dead War,1515.3333333333335,61.75,24.53981106612686
Fuga: Melodies of Steel 2,3018,1000,27.5,73.38181818181818,Disneyland Adventures,4439,1000,45.0,76.42222222222222,Crackdown 3: Wrecking Zone,165.04047619047617,7.0,23.57721088435374,Fuga: Melodies of Steel 2,673.9166666666666,27.5,24.506060606060604
ReCore,5433,1500,54.0,72.83333333333333,Wolfenstein: The Old Blood,2308,1000,17.5,74.74285714285715,SD Gundam Battle Alliance,647.5555555555554,27.5,23.547474747474745,Descenders,2224.498333333333,92.5,24.048630630630626
EVERSPACE 2,6092,1000,70.0,72.74285714285715,Tell Me Why,2131,1500,8.5,74.23529411764706,This War of Mine: Final Cut,526.6583333333333,22.5,23.407037037037036,Joy Ride Turbo,214.4666666666667,9.0,23.829629629629633
Football Manager 2023 Console,2269,1000,17.5,72.51428571428572,Fuga: Melodies of Steel 2,3018,1000,27.5,73.38181818181818,Dicey Dungeons,1043.795321637427,45.0,23.19545159194282,DOOM 3,652.6666666666667,27.5,23.733333333333338
Jetpac Refuelled,996,200,11.0,72.36363636363636,ReCore,5433,1500,54.0,72.83333333333333,Generation Zero,1239.2333333333336,55.0,22.531515151515155,PAYDAY 2: Crimewave Edition,5672.043650793651,240.5,23.584381084381086
DIRT 5,2628,1000,22.5,72.35555555555555,EVERSPACE 2,6092,1000,70.0,72.74285714285715,DOOM Eternal,647.9173300165838,29.0,22.34197689712358,Crackdown 3: Wrecking Zone,165.04047619047617,7.0,23.57721088435374
Killer Instinct Classic,2251,1000,17.5,71.48571428571428,RAGE 2,4846,1435,47.0,72.57446808510639,Medieval Dynasty (Xbox One),1560.846031746032,70.0,22.297800453514743,SD Gundam Battle Alliance,647.5555555555554,27.5,23.547474747474745
Ghost Song,2250,1000,17.5,71.42857142857143,Football Manager 2023 Console,2269,1000,17.5,72.51428571428572,Monster Sanctuary,1076.6333333333332,48.5,22.19862542955326,Forza Horizon 4,3336.52380952381,142.25,23.45535191229392
The Bard's Tale Trilogy,5934,1000,70.0,70.48571428571428,Jetpac Refuelled,996,200,11.0,72.36363636363636,Prey,998.0,45.0,22.177777777777777,Dicey Dungeons,1043.795321637427,45.0,23.19545159194282
Killer Instinct 2 Classic,2222,1000,17.5,69.82857142857142,Sniper Elite 5,3833,1375,34.25,71.76642335766424,Citizen Sleeper,198.63095238095235,9.0,22.070105820105816,Wolfenstein II: The New Colossus,2335.7333333333336,104.0,22.458974358974363
SD Gundam Battle Alliance,2851,1000,27.5,67.30909090909091,Killer Instinct Classic,2251,1000,17.5,71.48571428571428,Football Manager 2023 Console,381.88030303030297,17.5,21.8217316017316,DOOM Eternal,852.0006633499171,38.0,22.421070088155712
Loop Hero,4027,1000,45.0,67.26666666666667,Ghost Song,2250,1000,17.5,71.42857142857143,The Walking Dead: The Final Season,53.833333333333336,2.5,21.533333333333335,Cities: Skylines,3911.858333333332,175.0,22.353476190476183
Sunset Overdrive,4770,1475,50.25,65.57213930348259,Banjo-Kazooie: Nuts & Bolts,3960,1250,38.0,71.3157894736842,Halo 5: Guardians,1074.1833333333334,50.0,21.483666666666668,Medieval Dynasty (Xbox One),1560.846031746032,70.0,22.297800453514743
RAGE 2,3721,1045,41.0,65.26829268292683,The Bard's Tale Trilogy,5934,1000,70.0,70.48571428571428,Jurassic World Evolution 2,1943.6666666666667,90.5,21.476979742173114,Cities: Skylines - Remastered,3887.941666666666,175.0,22.21680952380952
Jurassic World Evolution 2,6950,1050,90.5,65.19337016574586,Sunset Overdrive,5799,1925,55.25,70.11764705882354,Killer Instinct 2 Classic,374.875,17.5,21.42142857142857,Monster Sanctuary,1076.6333333333332,48.5,22.19862542955326
Dishonored: Death of the Outsider,2139,1000,17.5,65.08571428571429,Killer Instinct 2 Classic,2222,1000,17.5,69.82857142857142,theHunter: Call of the Wild,2886.6833333333325,135.0,21.382839506172832,Citizen Sleeper,198.63095238095235,9.0,22.070105820105816
Just Cause 4,4571,1000,55.0,64.92727272727272,High On Life,3148,1195,28.0,69.75,Batman: Arkham Knight,1013.1333333333333,47.5,21.329122807017544,Halo Wars 2,2160.7333333333336,98.0,22.048299319727892
The Bard's Tale IV: Director's Cut,4538,1000,55.0,64.32727272727273,Kameo: Elements of Power,3986,1000,43.25,69.04046242774567,Ghost Song,370.3333333333333,17.5,21.16190476190476,Football Manager 2023 Console,381.88030303030297,17.5,21.8217316017316
Sniper Elite 5,2749,1000,27.5,63.6,SD Gundam Battle Alliance,2851,1000,27.5,67.30909090909091,Medieval Dynasty,1479.0214285714285,70.0,21.128877551020405,Forza Horizon 5,2659.533333333333,122.25,21.7548738922972
Dishonored Definitive Edition,6073,1640,70.0,63.32857142857143,Loop Hero,4027,1000,45.0,67.26666666666667,Forza Horizon 4,2472.1571428571433,117.5,21.039635258358665,Vampire Survivors,1220.8,56.75,21.51189427312775
Arcade Paradise,3840,1000,45.0,63.111111111111114,Dishonored: Death of the Outsider,2139,1000,17.5,65.08571428571429,Farming Simulator 22,926.7666666666668,45.0,20.594814814814818,Halo 5: Guardians,1074.1833333333334,50.0,21.483666666666668
Cassette Beasts,3827,1000,45.0,62.82222222222222,The Bard's Tale IV: Director's Cut,4538,1000,55.0,64.32727272727273,Farming Simulator 22,926.7666666666668,45.0,20.594814814814818,Killer Instinct 2 Classic,374.875,17.5,21.42142857142857
MotoGP 22,2699,1000,27.5,61.78181818181818,DOOM Eternal,3979,1545,38.0,64.05263157894737,Just Cause 4,1131.4666666666665,55.0,20.572121212121207,The Outer Worlds,1302.8205128205125,61.0,21.357713324926433
High On Life,2381,1000,22.5,61.37777777777778,Let's Build a Zoo,7723,1400,99.0,63.86868686868687,EVERSPACE 2,1431.65,70.0,20.45214285714286,Brütal Legend,986.9,46.5,21.223655913978494
Redfall,3760,1000,45.0,61.333333333333336,Dishonored Definitive Edition,6073,1640,70.0,63.32857142857143,LIMBO,142.9857142857143,7.0,20.4265306122449,Ghost Song,370.3333333333333,17.5,21.16190476190476
Firewatch,1275,1000,4.5,61.111111111111114,Arcade Paradise,3840,1000,45.0,63.111111111111114,Chivalry 2,915.4666666666668,45.0,20.343703703703707,Medieval Dynasty,1479.0214285714285,70.0,21.128877551020405
theHunter: Call of the Wild,9126,1000,135.0,60.19259259259259,Cassette Beasts,3827,1000,45.0,62.82222222222222,Killer Instinct Classic,355.375,17.5,20.307142857142857,Jurassic World Evolution 2,2095.166666666667,99.5,21.0569514237856
RAGE,2338,1000,22.5,59.46666666666667,MotoGP 22,2699,1000,27.5,61.78181818181818,Rainbow Billy: The Curse of the Leviathan,354.36666666666656,17.5,20.249523809523804,Far Cry 6,2001.3,95.5,20.956020942408376
Prey,3671,1000,45.0,59.355555555555554,Jurassic World Evolution 2,7241,1120,99.5,61.517587939698494,Pentiment,453.9666666666667,22.5,20.176296296296297,Farming Simulator 22,926.7666666666668,45.0,20.594814814814818
Banjo-Kazooie: Nuts & Bolts,2924,1000,32.5,59.2,Redfall,3760,1000,45.0,61.333333333333336,Dishonored 2,906.0666666666667,45.0,20.134814814814817,Farming Simulator 22,926.7666666666668,45.0,20.594814814814818
Medieval Dynasty (Xbox One),5085,1000,70.0,58.357142857142854,Firewatch,1275,1000,4.5,61.111111111111114,Wolfenstein: Youngblood,1105.911111111111,55.0,20.107474747474747,EVERSPACE 2,1431.65,70.0,20.45214285714286
Zombie Army 4: Dead War,3769,1100,46.75,57.09090909090909,Cities: Skylines - Remastered,13340,2710,175.0,60.74285714285714,Airborne Kingdom,365.29999999999995,18.25,20.016438356164382,Prey,1278.0000000000002,62.5,20.448000000000004
Railway Empire 2,4977,1000,70.0,56.81428571428572,Cities: Skylines,13261,2710,175.0,60.29142857142857,Shadowrun: Hong Kong - Extended Edition,1088.0833333333333,55.0,19.78333333333333,LIMBO,142.9857142857143,7.0,20.4265306122449
Chivalry 2,3544,1000,45.0,56.53333333333333,Killer Instinct,31029,4935,439.5,59.37201365187713,The Outer Worlds,886.1538461538461,45.0,19.69230769230769,Chivalry 2,915.4666666666668,45.0,20.343703703703707
Rainbow Billy: The Curse of the Leviathan,1988,1000,17.5,56.457142857142856,Medieval Dynasty (Xbox One),5085,1000,70.0,58.357142857142854,Wolfenstein: The New Order,442.93333333333334,22.5,19.685925925925925,Ryse: Son of Rome,1097.9333333333334,54.0,20.3320987654321
Soul Hackers 2,4878,1000,70.0,55.4,Railway Empire 2,4977,1000,70.0,56.81428571428572,Vampire Survivors,928.8,47.25,19.657142857142855,Killer Instinct Classic,355.375,17.5,20.307142857142857
Medieval Dynasty,4866,1000,70.0,55.22857142857143,Chivalry 2,3544,1000,45.0,56.53333333333333,The Cave,265.23333333333335,13.5,19.646913580246913,Rainbow Billy: The Curse of the Leviathan,354.36666666666656,17.5,20.249523809523804
SOMA,1384,1000,7.0,54.857142857142854,Rainbow Billy: The Curse of the Leviathan,1988,1000,17.5,56.457142857142856,Ryse: Son of Rome,904.9333333333334,46.5,19.46093189964158,Halo: The Master Chief Collection,15930.5,786.75,20.24849062599301
Viva Piñata: Trouble In Paradise,2225,1000,22.5,54.44444444444444,Soul Hackers 2,4878,1000,70.0,55.4,Figment 2: Creed Valley,135.89166666666668,7.0,19.41309523809524,Pentiment,453.9666666666667,22.5,20.176296296296297
Let's Build a Zoo,5789,1000,90.0,53.21111111111111,Medieval Dynasty,4866,1000,70.0,55.22857142857143,Ghostwire: Tokyo,1356.625,70.0,19.380357142857143,Batman: Arkham Knight,1444.783333333333,71.75,20.136353077816487
Farming Simulator 22,3360,1000,45.0,52.44444444444444,SOMA,1384,1000,7.0,54.857142857142854,F1 Manager 2023,429.4666666666667,22.5,19.087407407407408,Dishonored 2,906.0666666666667,45.0,20.134814814814817
Farming Simulator 22,3360,1000,45.0,52.44444444444444,Ryse: Son of Rome,4957,2000,54.0,54.75925925925926,Potion Craft: Alchemist Simulator,856.8,45.0,19.04,Wolfenstein: Youngblood,1105.911111111111,55.0,20.107474747474747
Dicey Dungeons,3345,1000,45.0,52.111111111111114,Viva Piñata: Trouble In Paradise,2225,1000,22.5,54.44444444444444,Cocoon,85.49876789876787,4.5,18.999726199726194,Airborne Kingdom,365.29999999999995,18.25,20.016438356164382
As Dusk Falls,1703,1000,13.5,52.074074074074076,PAYDAY 2: Crimewave Edition,15572,2510,240.5,54.311850311850314,Brütal Legend,852.9,45.0,18.953333333333333,RAGE,715.5142857142856,36.0,19.875396825396823
DOOM Eternal,2546,1045,29.0,51.758620689655174,Forza Horizon 4,11102,3610,142.25,52.667838312829524,Farworld Pioneers,169.73333333333335,9.0,18.85925925925926,Shadowrun: Hong Kong - Extended Edition,1088.0833333333333,55.0,19.78333333333333
A Plague Tale: Requiem,2151,1000,22.5,51.15555555555556,Generation Zero,4882,1390,66.5,52.51127819548872,Farworld Pioneers,169.73333333333335,9.0,18.85925925925926,Wasteland 3,2945.785714285713,149.0,19.770373921380624
"Warhammer 40,000: Darktide",7893,1000,135.0,51.05925925925926,Farming Simulator 22,3360,1000,45.0,52.44444444444444,Psychonauts 2,501.47619047619054,27.5,18.23549783549784,Wolfenstein: The New Order,442.93333333333334,22.5,19.685925925925925
Torment: Tides of Numenera,5506,1000,90.0,50.06666666666667,Farming Simulator 22,3360,1000,45.0,52.44444444444444,Eiyuden Chronicle: Rising,407.7333333333334,22.5,18.121481481481485,The Cave,265.23333333333335,13.5,19.646913580246913
Forza Horizon 4,8382,2560,117.5,49.54893617021276,Dicey Dungeons,3345,1000,45.0,52.111111111111114,Genesis Noir,67.23214285714286,3.75,17.92857142857143,Iron Brigade,263.8,13.5,19.54074074074074
Fable Anniversary,2092,1000,22.5,48.53333333333333,As Dusk Falls,1703,1000,13.5,52.074074074074076,PAYDAY 2: Crimewave Edition,3792.543650793651,212.0,17.88935684336628,Figment 2: Creed Valley,135.89166666666668,7.0,19.41309523809524
Generation Zero,3612,1000,55.0,47.49090909090909,Wo Long: Fallen Dynasty,4980,1585,66.0,51.43939393939394,Forza Horizon 5,1826.7666666666667,102.25,17.865688671556644,Ghostwire: Tokyo,1356.625,70.0,19.380357142857143
Joy Ride Turbo,627,200,9.0,47.44444444444444,Prey,4408,1195,62.5,51.408,The Evil Within 2,487.15,27.5,17.714545454545455,PowerWash Simulator,979.3666666666667,51.0,19.20326797385621
Dishonored 2,3041,1000,45.0,45.355555555555554,A Plague Tale: Requiem,2151,1000,22.5,51.15555555555556,INSIDE,61.111111111111114,3.5,17.460317460317462,F1 Manager 2023,429.4666666666667,22.5,19.087407407407408
Costume Quest 2,1408,1000,9.0,45.333333333333336,"Warhammer 40,000: Darktide",7893,1000,135.0,51.05925925925926,Soccer Story,232.83333333333334,13.5,17.246913580246915,Potion Craft: Alchemist Simulator,856.8,45.0,19.04
The Walking Dead: The Final Season,359,250,2.5,43.6,Wolfenstein II: The New Colossus,6805,1540,104.0,50.625,Dishonored: Death of the Outsider,301.49999999999994,17.5,17.228571428571424,Cocoon,85.49876789876787,4.5,18.999726199726194
Fuga: Melodies of Steel,2958,1000,45.0,43.51111111111111,Torment: Tides of Numenera,5506,1000,90.0,50.06666666666667,MASSIVE CHALICE,1186.7083333333333,70.0,16.95297619047619,Farworld Pioneers,169.73333333333335,9.0,18.85925925925926
Hardspace: Shipbreaker,3913,1560,55.0,42.78181818181818,RAGE,3041,1250,36.0,49.75,Hollow Knight: Voidheart Edition,1182.1857142857143,70.0,16.888367346938775,Farworld Pioneers,169.73333333333335,9.0,18.85925925925926
The Evil Within 2,2175,1000,27.5,42.72727272727273,Call of the Wild: The Angler,8069,1400,135.0,49.4,Soul Hackers 2,1173.4166666666667,70.0,16.76309523809524,DIRT 5,597.0,32.5,18.369230769230768
Brütal Legend,2921,1000,45.0,42.68888888888889,Fable Anniversary,2092,1000,22.5,48.53333333333333,Astroneer,1213.6153846153845,72.5,16.739522546419096,Psychonauts 2,501.47619047619054,27.5,18.23549783549784
Wolfenstein: The New Order,1958,1000,22.5,42.577777777777776,PowerWash Simulator,3789,1360,51.0,47.627450980392155,Wreckfest,376.33333333333326,22.5,16.72592592592592,Eiyuden Chronicle: Rising,407.7333333333334,22.5,18.121481481481485
Pentiment,1954,1000,22.5,42.4,Joy Ride Turbo,627,200,9.0,47.44444444444444,Hypnospace Outlaw,116.41666666666667,7.0,16.630952380952383,Genesis Noir,67.23214285714286,3.75,17.92857142857143
Perfect Dark Zero,3942,1000,70.0,42.02857142857143,Zombie Army 4: Dead War,4059,1210,61.75,46.13765182186235,Solasta: Crown of the Magister,2294.3333333333335,140.0,16.38809523809524,The Evil Within 2,487.15,27.5,17.714545454545455
Gunfire Reborn,3913,1000,70.0,41.614285714285714,Gears of War: Judgment,4436,1500,64.0,45.875,Halo: The Master Chief Collection,12118.166666666668,741.75,16.337265475789238,INSIDE,61.111111111111114,3.5,17.460317460317462
PowerWash Simulator,2871,1000,45.0,41.577777777777776,Age of Empires II: Definitive Edition,15876,2425,296.0,45.442567567567565,Perfect Dark Zero,1143.1999999999998,70.0,16.331428571428567,Soccer Story,232.83333333333334,13.5,17.246913580246915
Ghostwire: Tokyo,4084,1180,70.0,41.48571428571429,Dishonored 2,3041,1000,45.0,45.355555555555554,Wasteland 3,2186.9857142857145,135.0,16.19989417989418,Dishonored: Death of the Outsider,301.49999999999994,17.5,17.228571428571424
Age of Empires II: Definitive Edition,10643,1445,223.0,41.24663677130045,Costume Quest 2,1408,1000,9.0,45.333333333333336,The Gunk,111.8,7.0,15.971428571428572,MASSIVE CHALICE,1186.7083333333333,70.0,16.95297619047619
Astroneer,4035,1075,72.5,40.827586206896555,Sea of Thieves,50231,4970,1000.0,45.261,Mortal Kombat 11,715.4999999999998,45.0,15.899999999999995,Hollow Knight: Voidheart Edition,1182.1857142857143,70.0,16.888367346938775
Hollow Knight: Voidheart Edition,3840,1000,70.0,40.57142857142857,Brütal Legend,3145,1090,46.5,44.193548387096776,PAW Patrol: Grand Prix,211.275,13.5,15.65,Soul Hackers 2,1173.4166666666667,70.0,16.76309523809524
Killer Instinct,11208,1560,238.5,40.45283018867924,Fuga: Melodies of Steel,2958,1000,45.0,43.51111111111111,Wo Long: Fallen Dynasty,700.5583333333332,45.0,15.567962962962959,Astroneer,1213.6153846153845,72.5,16.739522546419096
Ryse: Son of Rome,3181,1300,46.5,40.45161290322581,Hardspace: Shipbreaker,3913,1560,55.0,42.78181818181818,Fable III,427.5666666666667,27.5,15.54787878787879,Wreckfest,376.33333333333326,22.5,16.72592592592592
Eiyuden Chronicle: Rising,1910,1000,22.5,40.44444444444444,The Evil Within 2,2175,1000,27.5,42.72727272727273,Tell Me Why,38.10000000000001,2.5,15.240000000000004,Hypnospace Outlaw,116.41666666666667,7.0,16.630952380952383
Halo 5: Guardians,3269,1250,50.0,40.38,Wolfenstein: The New Order,1958,1000,22.5,42.577777777777776,PowerWash Simulator,670.5333333333333,45.0,14.90074074074074,Fable III,526.9000000000001,32.0,16.465625000000003
Darkest Dungeon,6276,1000,135.0,39.08148148148148,Pentiment,1954,1000,22.5,42.4,Far Cry 6,1117.5,75.0,14.9,Perfect Dark Zero,1143.1999999999998,70.0,16.331428571428567
PAYDAY 2: Crimewave Edition,9484,1210,212.0,39.028301886792455,Perfect Dark Zero,3942,1000,70.0,42.02857142857143,Somerville,66.75,4.5,14.833333333333334,Kameo: Elements of Power,704.5,43.25,16.289017341040463
The Outer Worlds,2755,1000,45.0,39.0,The Outer Worlds,3949,1390,61.0,41.950819672131146,High On Life,327.6111111111111,22.5,14.560493827160492,The Gunk,111.8,7.0,15.971428571428572
MLB The Show 23,2453,1000,37.5,38.74666666666667,Far Cry 6,6011,2010,95.5,41.89528795811518,Darkest Dungeon,1961.3846153846152,135.0,14.528774928774927,Let's Build a Zoo,1574.5541125541124,99.0,15.904586995496086
Call of the Wild: The Angler,6176,1000,135.0,38.34074074074074,Forza Horizon 5,7601,2500,122.25,41.72597137014315,A Plague Tale: Requiem,321.63333333333327,22.5,14.294814814814812,Mortal Kombat 11,715.4999999999998,45.0,15.899999999999995
Ni no Kuni: Wrath of the White Witch Remastered,4407,1000,90.0,37.855555555555554,Gunfire Reborn,3913,1000,70.0,41.614285714285714,Quantum Break,243.13333333333335,17.5,13.893333333333334,Sea of Thieves,15760.917216117217,1000.0,15.760917216117218
Shadowrun: Hong Kong - Extended Edition,3048,1000,55.0,37.236363636363635,Ghostwire: Tokyo,4084,1180,70.0,41.48571428571429,Halo Wars 2,991.6666666666667,71.5,13.869463869463871,PAW Patrol: Grand Prix,211.275,13.5,15.65
Grand Theft Auto V (Xbox One),7916,1750,166.0,37.144578313253014,Astroneer,4035,1075,72.5,40.827586206896555,Fuga: Melodies of Steel,601.2166666666666,45.0,13.360370370370369,Gears of War: Judgment,982.4500000000002,64.0,15.350781250000002
Death's Door,1649,1000,17.5,37.08571428571429,Hollow Knight: Voidheart Edition,3840,1000,70.0,40.57142857142857,Wolfenstein II: The New Colossus,1186.4,90.0,13.182222222222224,Tell Me Why,128.8,8.5,15.15294117647059
Wo Long: Fallen Dynasty,2663,1000,45.0,36.955555555555556,Eiyuden Chronicle: Rising,1910,1000,22.5,40.44444444444444,Wild Hearts,1158.1666666666667,90.0,12.868518518518519,Somerville,66.75,4.5,14.833333333333334
No Man's Sky,3012,1000,55.0,36.58181818181818,Halo 5: Guardians,3269,1250,50.0,40.38,Ni no Kuni II: Revenant Kingdom - The Prince's Edition,1143.854700854701,90.0,12.709496676163344,Darkest Dungeon,2300.128205128205,159.5,14.420866489832006
Wolfenstein: Youngblood,2980,1000,55.0,36.0,Darkest Dungeon,7679,1305,159.5,39.96238244514107,Yakuza Kiwami,888.3666666666666,70.0,12.69095238095238,A Plague Tale: Requiem,321.63333333333327,22.5,14.294814814814812
The Cave,884,400,13.5,35.851851851851855,MLB The Show 23,2453,1000,37.5,38.74666666666667,Let's Build a Zoo,1141.5541125541124,90.0,12.683934583934583,Halo Infinite,1778.5833333333335,124.5,14.285809906291835
Terraria,4586,1290,92.0,35.82608695652174,Batman: Arkham Knight,4718,2000,71.75,37.8815331010453,A Short Hike,56.900000000000006,4.5,12.644444444444446,Quantum Break,243.13333333333335,17.5,13.893333333333334
Psychonauts 2,1978,1000,27.5,35.56363636363636,Ni no Kuni: Wrath of the White Witch Remastered,4407,1000,90.0,37.855555555555554,"Warhammer 40,000: Darktide",1679.8,135.0,12.442962962962962,The Walking Dead: The Final Season,135.21666666666667,10.0,13.521666666666667
Story of Seasons: Friends of Mineral Town,3478,1000,70.0,35.4,The Evil Within,4780,1735,81.5,37.36196319018405,Hellblade: Senua's Sacrifice,85.82222222222222,7.0,12.260317460317461,The Evil Within (JP),434.7539682539683,32.5,13.37704517704518
Gears of War: Judgment,2912,1000,55.0,34.763636363636365,Shadowrun: Hong Kong - Extended Edition,3048,1000,55.0,37.236363636363635,State of Decay 2: Juggernaut Edition,4505.245238095239,369.25,12.20107038075894,Fuga: Melodies of Steel,601.2166666666666,45.0,13.360370370370369
Quantum Break,1608,1000,17.5,34.74285714285714,Grand Theft Auto V (Xbox One),7916,1750,166.0,37.144578313253014,NHL 22,1296.2333333333331,110.0,11.783939393939391,Back 4 Blood,2564.666666666667,198.25,12.936527952921397
Forza Horizon 5,5073,1525,102.25,34.69926650366748,Death's Door,1649,1000,17.5,37.08571428571429,The Walking Dead,158.4,13.5,11.733333333333334,Wild Hearts,1158.1666666666667,90.0,12.868518518518519
Batman: Arkham Knight,2782,1140,47.5,34.56842105263158,The Evil Within (JP),2926,1735,32.5,36.646153846153844,Yakuza 6: The Song of Life,527.2261904761905,45.0,11.716137566137567,Ni no Kuni II: Revenant Kingdom - The Prince's Edition,1143.854700854701,90.0,12.709496676163344
Wild Hearts,4040,1000,90.0,33.77777777777778,No Man's Sky,3012,1000,55.0,36.58181818181818,Pillars Of Eternity II: Deadfire,817.5000000000001,70.0,11.67857142857143,Yakuza Kiwami,888.3666666666666,70.0,12.69095238095238
Wolfenstein II: The New Colossus,4027,1000,90.0,33.63333333333333,Wasteland 3,6896,1490,149.0,36.281879194630875,DIRT 5,260.59999999999997,22.5,11.58222222222222,A Short Hike,56.900000000000006,4.5,12.644444444444446
Gears of War 4,21685,4000,539.0,32.81076066790352,Halo Wars 2,5288,1750,98.0,36.10204081632653,The Wandering Village,509.48571428571427,45.0,11.321904761904761,The Evil Within,1029.738888888889,81.5,12.634832992501707
Frostpunk: Console Edition,6606,1000,175.0,32.034285714285716,Wolfenstein: Youngblood,2980,1000,55.0,36.0,Grand Theft Auto V (Xbox One),1858.716666666667,166.0,11.197088353413656,"Warhammer 40,000: Darktide",1679.8,135.0,12.442962962962962
Sea of Stars,2437,1000,45.0,31.933333333333334,The Cave,884,400,13.5,35.851851851851855,Gears of War: Judgment,612.7666666666669,55.0,11.141212121212124,Far Cry 5,875.4166666666667,71.0,12.329812206572772
Yakuza Kiwami,3212,1000,70.0,31.6,Terraria,4586,1290,92.0,35.82608695652174,Sea of Stars,492.3333333333333,45.0,10.94074074074074,Hellblade: Senua's Sacrifice,85.82222222222222,7.0,12.260317460317461
Halo Wars 2,3307,1060,71.5,31.426573426573427,Psychonauts 2,1978,1000,27.5,35.56363636363636,Watch_Dogs 2,529.6333333333333,49.0,10.808843537414965,Call of the Wild: The Angler,1651.5666666666664,135.0,12.233827160493824
Fable III,1855,1000,27.5,31.09090909090909,Story of Seasons: Friends of Mineral Town,3478,1000,70.0,35.4,The Texas Chain Saw Massacre,1187.6333333333332,110.0,10.796666666666665,State of Decay 2: Juggernaut Edition,4505.245238095239,369.25,12.20107038075894
NHL 22,4372,1000,110.0,30.654545454545456,Fable III,2373,1250,32.0,35.09375,Viva Piñata,485.0,45.0,10.777777777777779,NHL 22,1296.2333333333331,110.0,11.783939393939391
Phoenix Point,8397,1000,250.0,29.588,Frostpunk: Console Edition,8271,1390,197.5,34.84050632911392,Outriders,499.94047619047603,46.5,10.751408090117764,The Walking Dead,158.4,13.5,11.733333333333334
Iron Brigade,465,200,9.0,29.444444444444443,Quantum Break,1608,1000,17.5,34.74285714285714,Yakuza 4 Remastered,751.2333333333332,70.0,10.73190476190476,Yakuza 6: The Song of Life,527.2261904761905,45.0,11.716137566137567
Solasta: Crown of the Magister,5132,1060,140.0,29.085714285714285,Wild Hearts,4040,1000,90.0,33.77777777777778,Terraria,972.1666666666666,92.0,10.567028985507246,Pillars Of Eternity II: Deadfire,817.5000000000001,70.0,11.67857142857143
Wasteland 3,4900,1000,135.0,28.88888888888889,Gears of War 4,21685,4000,539.0,32.81076066790352,Story of Seasons: Friends of Mineral Town,736.7333333333333,70.0,10.524761904761904,State of Decay: Year-One,1243.1333333333332,106.5,11.67261345852895
Mortal Kombat 11,2285,1000,45.0,28.555555555555557,Immortals Fenyx Rising,4198,1845,72.0,32.68055555555556,LEGO Star Wars: The Skywalker Saga,937.0833333333334,90.0,10.412037037037038,Frostpunk: Console Edition,2241.6666666666665,197.5,11.350210970464135
MechWarrior 5: Mercenaries,2998,1000,70.0,28.542857142857144,Far Cry 5,3983,1695,71.0,32.225352112676056,Bleeding Edge,93.36904761904762,9.0,10.374338624338625,The Wandering Village,509.48571428571427,45.0,11.321904761904761
Exoprimal,2965,1000,70.0,28.071428571428573,Sea of Stars,2437,1000,45.0,31.933333333333334,Stacking,72.16666666666667,7.0,10.30952380952381,Grand Theft Auto V (Xbox One),1858.716666666667,166.0,11.197088353413656
Ni no Kuni II: Revenant Kingdom - The Prince's Edition,3480,1000,90.0,27.555555555555557,Yakuza Kiwami,3212,1000,70.0,31.6,Car Mechanic Simulator 2021,927.7575757575758,90.0,10.308417508417508,Fable II,381.3666666666667,34.5,11.054106280193237
Watch_Dogs 2,2427,1100,49.0,27.081632653061224,NHL 22,4372,1000,110.0,30.654545454545456,Phoenix Point,2525.866666666667,250.0,10.103466666666668,Sea of Stars,492.3333333333333,45.0,10.94074074074074
Cities: Skylines - Remastered,5818,1085,175.0,27.045714285714286,Phoenix Point,8397,1000,250.0,29.588,Injustice 2,1781.6190476190477,178.5,9.981059090302788,The Texas Chain Saw Massacre,1187.6333333333332,110.0,10.796666666666665
The Evil Within,2883,1000,70.0,26.9,Mortal Kombat 11,2285,1000,45.0,28.555555555555557,Yakuza 3 Remastered,895.3529411764706,90.0,9.948366013071896,Viva Piñata,485.0,45.0,10.777777777777779
My Time at Portia,3416,1000,90.0,26.844444444444445,MechWarrior 5: Mercenaries,2998,1000,70.0,28.542857142857144,Immortals Fenyx Rising,443.1111111111112,45.0,9.846913580246916,Yakuza 4 Remastered,751.2333333333332,70.0,10.73190476190476
Car Mechanic Simulator 2021,3376,1000,90.0,26.4,The Walking Dead: The Final Season,1282,1000,10.0,28.2,Scorn,53.7,5.5,9.763636363636364,Terraria,972.1666666666666,92.0,10.567028985507246
Yakuza 3 Remastered,3363,1000,90.0,26.255555555555556,Exoprimal,2965,1000,70.0,28.071428571428573,Ni no Kuni: Wrath of the White Witch Remastered,864.2777777777778,90.0,9.603086419753087,Story of Seasons: Friends of Mineral Town,736.7333333333333,70.0,10.524761904761904
Outriders,2251,1045,46.5,25.93548387096774,Ni no Kuni II: Revenant Kingdom - The Prince's Edition,3480,1000,90.0,27.555555555555557,Gears of War 4,5079.271428571427,539.0,9.423509143917306,Injustice 2,1887.6190476190477,181.0,10.428834517232307
Forager,2163,1000,45.0,25.844444444444445,The Elder Scrolls Online,33905,6390,1000.0,27.515,Call of the Wild: The Angler,1263.4666666666665,135.0,9.35901234567901,LEGO Star Wars: The Skywalker Saga,937.0833333333334,90.0,10.412037037037038
Far Cry 6,3000,1075,75.0,25.666666666666668,My Time at Portia,3416,1000,90.0,26.844444444444445,Far Cry 5,516.8,56.0,9.228571428571428,Bleeding Edge,93.36904761904762,9.0,10.374338624338625
Cities: Skylines,5648,1085,179.0,25.491620111731844,Car Mechanic Simulator 2021,3376,1000,90.0,26.4,Yakuza Kiwami 2,628.297619047619,70.0,8.975680272108843,Car Mechanic Simulator 2021,927.7575757575758,90.0,10.308417508417508
Yakuza 4 Remastered,2775,1000,70.0,25.357142857142858,Watch_Dogs 2,2733,1260,56.0,26.303571428571427,Yakuza 0,1561.8000000000004,175.0,8.924571428571431,Stacking,87.16666666666667,8.5,10.254901960784315
LEGO Star Wars: The Skywalker Saga,3227,1000,90.0,24.744444444444444,Yakuza 3 Remastered,3363,1000,90.0,26.255555555555556,Wasteland 2: Director's Cut,795.9833333333332,90.0,8.844259259259259,Watch_Dogs 2,566.1333333333333,56.0,10.10952380952381
The Walking Dead,1332,1000,13.5,24.59259259259259,Forager,2163,1000,45.0,25.844444444444445,Cities: Skylines - Remastered,1526.4416666666668,175.0,8.72252380952381,Phoenix Point,2525.866666666667,250.0,10.103466666666668
The Texas Chain Saw Massacre,3639,1000,110.0,23.990909090909092,Halo Infinite,5234,2020,124.5,25.815261044176708,MLB The Show 23,324.57142857142856,37.5,8.655238095238095,Immortals Fenyx Rising,718.7948717948719,72.0,9.98326210826211
Yakuza 6: The Song of Life,2062,1000,45.0,23.6,Yakuza 4 Remastered,2775,1000,70.0,25.357142857142858,Assassin's Creed Valhalla,1180.5666666666666,136.75,8.633028641072515,Yakuza 3 Remastered,895.3529411764706,90.0,9.948366013071896
Pillars of Eternity,3117,1000,90.0,23.522222222222222,LEGO Star Wars: The Skywalker Saga,3227,1000,90.0,24.744444444444444,Exoprimal,602.6523809523809,70.0,8.609319727891156,Scorn,53.7,5.5,9.763636363636364
Immortals Fenyx Rising,2026,1000,45.0,22.8,Iron Brigade,583,250,13.5,24.666666666666668,Fable II,235.96666666666664,27.5,8.58060606060606,Ni no Kuni: Wrath of the White Witch Remastered,864.2777777777778,90.0,9.603086419753087
State of Decay 2: Juggernaut Edition,10771,2400,369.25,22.67027758970887,The Walking Dead,1332,1000,13.5,24.59259259259259,Perfect Dark (2010),467.5,55.0,8.5,Gears of War 4,5079.271428571427,539.0,9.423509143917306
Assassin's Creed Valhalla,4460,1400,136.75,22.37659963436929,State of Decay: Year-One,4119,1500,106.5,24.591549295774648,Cities: Skylines,1510.5249999999996,179.0,8.438687150837987,Yakuza Kiwami 2,628.297619047619,70.0,8.975680272108843
7 Days to Die,4870,1000,175.0,22.114285714285714,The Texas Chain Saw Massacre,3639,1000,110.0,23.990909090909092,The Evil Within,590.5722222222222,70.0,8.436746031746031,Yakuza 0,1561.8000000000004,175.0,8.924571428571431
Pillars Of Eternity II: Deadfire,2542,1000,70.0,22.02857142857143,Halo: The Master Chief Collection,25591,7000,786.75,23.63012392755005,For Honor,904.4666666666667,107.5,8.413643410852714,Wasteland 2: Director's Cut,795.9833333333332,90.0,8.844259259259259
Persona 3 Portable,2950,1000,90.0,21.666666666666668,Yakuza 6: The Song of Life,2062,1000,45.0,23.6,Back 4 Blood,1465.6666666666667,175.75,8.33949739212897,MLB The Show 23,324.57142857142856,37.5,8.655238095238095
Viva Piñata,1971,1000,45.0,21.57777777777778,Pillars of Eternity,3117,1000,90.0,23.522222222222222,No Man's Sky,446.47569444444446,55.0,8.1177398989899,Outriders,596.3071428571427,69.0,8.642132505175981
Slay The Spire,4888,1070,177.5,21.50985915492958,Outriders,2925,1305,69.0,23.47826086956522,Fallout 76,1535.8,190.5,8.061942257217847,For Honor,938.8000000000001,109.0,8.612844036697249
For Honor,3451,1150,107.5,21.404651162790696,State of Decay 2: Juggernaut Edition,10771,2400,369.25,22.67027758970887,Frostpunk: Console Edition,1391.6666666666667,175.0,7.9523809523809526,Exoprimal,602.6523809523809,70.0,8.609319727891156
The Evil Within (JP),1686,1000,32.5,21.107692307692307,Fable II,2117,1350,34.5,22.231884057971016,The Elder Scrolls V: Skyrim Special Edition,715.6666666666667,90.0,7.951851851851853,Middle-earth: Shadow of War,696.45,81.75,8.519266055045872
Sea of Thieves,50231,4970,2156.75,20.985742436536455,7 Days to Die,4870,1000,175.0,22.114285714285714,Costume Quest 2,69.9,9.0,7.7666666666666675,Perfect Dark (2010),467.5,55.0,8.5
Fallout 76,5456,1490,190.5,20.818897637795274,Pillars Of Eternity II: Deadfire,2542,1000,70.0,22.02857142857143,State of Decay: Year-One,524.7666666666667,70.0,7.496666666666666,Dead by Daylight,6549.35,795.0,8.238176100628932
SnowRunner,4634,1000,175.0,20.765714285714285,Tom Clancy's Ghost Recon Wildlands,3624,1500,96.75,21.953488372093023,Sea of Thieves,15760.917216117217,2156.75,7.307716339917569,Assassin's Creed Valhalla,1482.3166666666666,180.75,8.200922083909635
Yakuza 0,4621,1000,175.0,20.69142857142857,For Honor,3582,1190,109.0,21.94495412844037,SnowRunner,1277.7,175.0,7.301142857142858,No Man's Sky,446.47569444444446,55.0,8.1177398989899
Wasteland 2: Director's Cut,2857,1000,90.0,20.633333333333333,Persona 3 Portable,2950,1000,90.0,21.666666666666668,My Time at Portia,654.7111111111112,90.0,7.274567901234569,Fallout 76,1535.8,190.5,8.061942257217847
NARAKA: BLADEPOINT,4534,1000,175.0,20.194285714285716,Assassin's Creed Valhalla,6013,2110,180.75,21.593360995850624,7 Days to Die,1261.1666666666667,175.0,7.206666666666667,The Elder Scrolls V: Skyrim Special Edition,715.6666666666667,90.0,7.951851851851853
State of Decay: Year-One,2387,1000,70.0,19.814285714285713,Viva Piñata,1971,1000,45.0,21.57777777777778,The Evil Within (JP),233.08730158730157,32.5,7.171916971916971,Costume Quest 2,69.9,9.0,7.7666666666666675
Halo: The Master Chief Collection,19389,5090,741.75,19.277384563532188,Slay The Spire,4888,1070,177.5,21.50985915492958,Death's Door,125.3,17.5,7.16,Gears 5,7552.766666666667,1000.0,7.552766666666668
Rune Factory 4 Special,5758,1000,250.0,19.032,Fallout 76,5456,1490,190.5,20.818897637795274,Tom Clancy's Ghost Recon Wildlands,496.0444444444444,70.25,7.061130881771451,Tom Clancy's Ghost Recon Wildlands,721.4206349206349,96.75,7.456544030187441
Yakuza Kiwami 2,2323,1000,70.0,18.9,SnowRunner,4634,1000,175.0,20.765714285714285,Starfield,621.7333333333333,90.0,6.908148148148149,SnowRunner,1277.7,175.0,7.301142857142858
Vampire Survivors,2168,1290,47.25,18.582010582010582,Yakuza 0,4621,1000,175.0,20.69142857142857,Banjo-Kazooie,91.86666666666667,13.5,6.8049382716049385,My Time at Portia,654.7111111111112,90.0,7.274567901234569
The Elder Scrolls V: Skyrim Special Edition,3185,1550,90.0,18.166666666666668,Wasteland 2: Director's Cut,2857,1000,90.0,20.633333333333333,Dead by Daylight,5880.85,888.5,6.618851997749015,7 Days to Die,1261.1666666666667,175.0,7.206666666666667
Injustice 2,4262,1045,178.5,18.022408963585434,NARAKA: BLADEPOINT,4534,1000,175.0,20.194285714285716,Slay The Spire,1143.4333333333334,177.5,6.441877934272301,Death's Door,125.3,17.5,7.16
Far Cry 5,2013,1030,56.0,17.553571428571427,Back 4 Blood,5327,1380,198.25,19.90920554854981,Fallout: New Vegas,447.83333333333337,70.0,6.397619047619048,Fallout: New Vegas,624.1761904761906,89.5,6.974035647778666
Starfield,2578,1000,90.0,17.533333333333335,Rune Factory 4 Special,5758,1000,250.0,19.032,Middle-earth: Shadow of War,444.1166666666667,70.25,6.321945432977461,Starfield,621.7333333333333,90.0,6.908148148148149
Fable II,1474,1000,27.5,17.236363636363638,Yakuza Kiwami 2,2323,1000,70.0,18.9,Hardspace: Shipbreaker,345.2047619047619,55.0,6.276450216450216,Banjo-Kazooie,91.86666666666667,13.5,6.8049382716049385
Tom Clancy's Ghost Recon Wildlands,2215,1010,70.25,17.153024911032027,Injustice 2,4571,1195,181.0,18.65193370165746,NARAKA: BLADEPOINT,1072.2280701754391,175.0,6.127017543859652,Slay The Spire,1143.4333333333334,177.5,6.441877934272301
Back 4 Blood,3878,1030,175.75,16.20483641536273,Vampire Survivors,2533,1500,56.75,18.202643171806166,Mass Effect,428.46666666666664,70.0,6.120952380952381,The Elder Scrolls Online,6276.733333333332,1000.0,6.276733333333332
Persona 4 Golden,2295,1000,90.0,14.38888888888889,The Elder Scrolls V: Skyrim Special Edition,3185,1550,90.0,18.166666666666668,Firewatch,27.5,4.5,6.111111111111111,Hardspace: Shipbreaker,345.2047619047619,55.0,6.276450216450216
Fallout: New Vegas,1999,1000,70.0,14.271428571428572,Middle-earth: Shadow of War,2956,1500,81.75,17.810397553516818,Deep Rock Galactic,2395.9999999999995,400.0,5.989999999999998,Mass Effect,451.8666666666667,73.0,6.189954337899543
Dead by Daylight,15924,3760,888.5,13.690489589195273,Starfield,2578,1000,90.0,17.533333333333335,Halo Infinite,521.6333333333333,90.0,5.795925925925926,Monster Hunter Rise,3999.9666666666662,650.0,6.153794871794871
Monster Hunter Rise,6453,1000,400.0,13.6325,Dead by Daylight,17977,4490,795.0,16.964779874213836,Yakuza: Like a Dragon,504.2583333333333,90.0,5.60287037037037,NARAKA: BLADEPOINT,1072.2280701754391,175.0,6.127017543859652
Mass Effect,1905,1000,70.0,12.928571428571429,Fallout: New Vegas,3132,1655,89.5,16.502793296089386,Persona 4 Golden,487.96428571428567,90.0,5.421825396825397,Firewatch,27.5,4.5,6.111111111111111
Gears of War: Ultimate Edition,3487,1250,175.0,12.782857142857143,Gears 5,18495,2500,1000.0,15.995,Monster Hunter Rise,2165.3999999999996,400.0,5.413499999999999,Deep Rock Galactic,2395.9999999999995,400.0,5.989999999999998
Banjo-Kazooie,372,200,13.5,12.74074074074074,Monster Hunter Rise,11648,2000,650.0,14.843076923076923,Yakuza 5 Remastered,943.1,175.0,5.389142857142858,Fallout 4,694.6833333333333,123.5,5.624966261808367
Stardew Valley,3184,1000,175.0,12.48,Gears of War 2,3492,1750,120.5,14.45643153526971,MechWarrior 5: Mercenaries,372.6666666666667,70.0,5.323809523809524,Yakuza: Like a Dragon,504.2583333333333,90.0,5.60287037037037
Stacking,286,200,7.0,12.285714285714286,Persona 4 Golden,2295,1000,90.0,14.38888888888889,SOMA,36.47619047619048,7.0,5.2108843537414975,Persona 4 Golden,487.96428571428567,90.0,5.421825396825397
Yakuza: Like a Dragon,2096,1000,90.0,12.177777777777777,Mass Effect,2222,1200,73.0,14.0,Persona 3 Portable,449.82142857142856,90.0,4.998015873015873,Costume Quest,46.0,8.5,5.411764705882353
The Walking Dead: Michonne,348,330,1.5,12.0,Gears of War: Ultimate Edition,3487,1250,175.0,12.782857142857143,Rune Factory 4 Special,1245.3333333333335,250.0,4.981333333333334,Yakuza 5 Remastered,943.1,175.0,5.389142857142858
Microsoft Flight Simulator,12655,1000,1000.0,11.655,Banjo-Kazooie,372,200,13.5,12.74074074074074,Banjo-Tooie,84.33333333333334,17.5,4.81904761904762,MechWarrior 5: Mercenaries,372.6666666666667,70.0,5.323809523809524
Yakuza 5 Remastered,3034,1000,175.0,11.622857142857143,Stardew Valley,3184,1000,175.0,12.48,Gears of War: Ultimate Edition,839.2833333333334,175.0,4.795904761904763,SOMA,36.47619047619048,7.0,5.2108843537414975
The Elder Scrolls Online,13801,1590,1057.5,11.547044917257683,Stacking,355,250,8.5,12.352941176470589,Costume Quest,33.0,7.0,4.714285714285714,Fallout 3,429.6666666666667,85.5,5.025341130604288
Gears of War,3225,1100,186.0,11.424731182795698,Yakuza: Like a Dragon,2096,1000,90.0,12.177777777777777,Pillars of Eternity,417.2904761904762,90.0,4.6365608465608465,Persona 3 Portable,449.82142857142856,90.0,4.998015873015873
Middle-earth: Shadow of War,1802,1010,70.25,11.274021352313166,Gears of War,3553,1250,189.5,12.153034300791557,Gears of War,858.2166666666666,186.0,4.6140681003584225,Rune Factory 4 Special,1245.3333333333335,250.0,4.981333333333334
The Walking Dead: Season Two,1097,1000,9.0,10.777777777777779,Microsoft Flight Simulator,12655,1000,1000.0,11.655,Assassin's Creed Origins,327.40000000000003,71.5,4.57902097902098,Assassin's Creed Origins,425.23333333333335,86.0,4.944573643410853
Gears of War 2,2013,1060,94.5,10.084656084656086,Yakuza 5 Remastered,3034,1000,175.0,11.622857142857143,Fallout 3,319.6666666666667,70.0,4.566666666666667,Gears of War 2,585.1999999999999,120.5,4.856431535269709
Fallout 3,1671,1000,70.0,9.585714285714285,Assassin's Creed Origins,2465,1500,86.0,11.220930232558139,Forager,202.79999999999998,45.0,4.506666666666666,Assassin's Creed Odyssey,619.7333333333333,127.75,4.851141552511415
Deep Rock Galactic,4614,1000,400.0,9.035,Fallout 3,2490,1550,85.5,10.994152046783626,Assassin's Creed Odyssey,415.4666666666667,98.75,4.207257383966245,Gears of War,917.55,189.5,4.841952506596306
Assassin's Creed Origins,1671,1030,71.5,8.965034965034965,The Walking Dead: Michonne,1049,1000,4.5,10.88888888888889,The Walking Dead: Season Two,37.13333333333335,9.0,4.1259259259259276,Banjo-Tooie,84.33333333333334,17.5,4.81904761904762
Perfect Dark (2010),686,200,55.0,8.836363636363636,Fallout 4,2941,1600,123.5,10.8582995951417,Fallout 4,348.1166666666667,90.0,3.867962962962963,Gears of War: Ultimate Edition,839.2833333333334,175.0,4.795904761904763
Fallout 4,1749,1000,90.0,8.322222222222223,The Walking Dead: Season Two,1097,1000,9.0,10.777777777777779,Gears of War 2,333.3666666666667,94.5,3.527689594356261,Pillars of Eternity,417.2904761904762,90.0,4.6365608465608465
The Walking Dead: A New Frontier,212,200,1.5,8.0,Assassin's Creed Odyssey,3082,1850,127.75,9.643835616438356,Microsoft Flight Simulator,3422.0738095238094,1000.0,3.4220738095238095,Forager,202.79999999999998,45.0,4.506666666666666
Halo Infinite,1299,600,90.0,7.766666666666667,The Walking Dead: A New Frontier,1071,1000,7.5,9.466666666666667,Stardew Valley,598.8499999999999,175.0,3.4219999999999993,The Walking Dead: Season Two,37.13333333333335,9.0,4.1259259259259276
Assassin's Creed Odyssey,1911,1150,98.75,7.706329113924051,Deep Rock Galactic,4614,1000,400.0,9.035,The Elder Scrolls IV: Oblivion,225.1818181818182,70.0,3.216883116883117,The Elder Scrolls IV: Oblivion,272.58181818181816,79.0,3.4504027617951665
Banjo-Tooie,328,200,17.5,7.314285714285714,Perfect Dark (2010),686,200,55.0,8.836363636363636,The Elder Scrolls Online,3192.066666666666,1057.5,3.0185027580772257,Microsoft Flight Simulator,3422.0738095238094,1000.0,3.4220738095238095
Costume Quest,248,200,7.0,6.857142857142857,The Elder Scrolls IV: Oblivion,1844,1250,79.0,7.518987341772152,Persona 5 Royal,298.0833333333334,110.0,2.709848484848486,Stardew Valley,598.8499999999999,175.0,3.4219999999999993
The Elder Scrolls IV: Oblivion,1471,1000,70.0,6.728571428571429,Banjo-Tooie,328,200,17.5,7.314285714285714,The Walking Dead: Michonne,3.333333333333335,1.5,2.222222222222223,Persona 5 Royal,298.0833333333334,110.0,2.709848484848486
Disney Dreamlight Valley,2434,1000,250.0,5.736,Costume Quest,312,250,8.5,7.294117647058823,Gears 5,7292.1,3385.0,2.1542392909896604,The Walking Dead: A New Frontier,17.900000000000006,7.5,2.3866666666666676
Persona 5 Royal,1625,1000,110.0,5.681818181818182,Disney Dreamlight Valley,2434,1000,250.0,5.736,Tom Clancy's Rainbow Six Siege,187.9,90.0,2.0877777777777777,The Walking Dead: Michonne,9.40476190476191,4.5,2.089947089947091
Tom Clancy's Rainbow Six Siege,1460,1000,90.0,5.111111111111111,Persona 5 Royal,1625,1000,110.0,5.681818181818182,The Walking Dead: A New Frontier,2.8000000000000025,1.5,1.8666666666666683,Tom Clancy's Rainbow Six Siege,187.9,90.0,2.0877777777777777
Gears 5,18208,2410,3385.0,4.667060561299852,Tom Clancy's Rainbow Six Siege,1460,1000,90.0,5.111111111111111,Disney Dreamlight Valley,226.70000000000002,250.0,0.9068,Disney Dreamlight Valley,226.70000000000002,250.0,0.9068
Gears of War 3,3959,1250,1032.25,2.624364252845725,Gears of War 3,5652,2000,1000.0,3.652,Gears of War 3,540.8619047619048,1032.25,0.523964063707343,Gears of War 3,898.8285714285713,1000.0,0.8988285714285713
